Date,Close/Last,Volume,Open,High,Low,Close,daily_return,daily_return_pct,MA_5,MA_20,MA_50,MA_200,log_ret_1,roc_5,roc_20,sma_20,sma_50,sma_100,rsi_14,EMA_12,EMA_26,MACD,Signal_Line,MACD_Histogram,KAMA,momentum_12_1,TP,MA_TP,MD,CCI,Williams_R,K,D,J,TR,ATR,log_return,HV_daily,HV_annual,excess_ret,Sharpe_Ratio,CAGR_Full,CAGR_252D,OBV,MFI,vol_6m,BB_mid,BB_upper,BB_lower,next_close,signal
11/01/2024,25.1665,1234,25.1,25.52,25.1,25.1665,,,,25.1665,25.1665,,,,,,,,,,,,,,,,,,,,,,,,,,,,,,,,,,,,,,,,
12/02/2024,26.5452,2036,26.72,26.72,26.53,26.5452,0.0547831442592336,,,25.85585,25.85585,,,,,,,,,,,,,,,,,,,,,,,,,,,,,,,,,,,,,,,,
12/03/2024,26.775,2177,26.66,26.823,26.66,26.775,0.008656932326748246,,,26.162233333333333,26.162233333333333,,,,,,,,,,,,,,,,,,,,,,,,,,,,,,,,,,,,,,,,
11/04/2024,25.01,106,25.1,25.1,25.01,25.01,-0.0659197012138187,,,25.874175,25.874175,,,,,,,,,,,,,,,,,,,,,,,,,,,,,,,,,,,,,,,,
12/04/2024,26.9509,568,26.83,27.0196,26.83,26.9509,0.0776049580167932,,,26.08952,26.08952,,,,,,,,,,,,,,,,,,,,,,,,,,,,,,,,,,,,,,,,
11/05/2024,25.4649,300,25.45,25.4649,25.22,25.4649,-0.055137305247691226,,,25.985416666666666,25.985416666666666,,,,,,,,,,,,,,,,,,,,,,,,,,,,,,,,,,,,,,,,
12/05/2024,26.9497,186,26.9,26.9497,26.9,26.9497,0.0583077098280377,,,26.12317142857143,26.12317142857143,,,,,,,,,,,,,,,,,,,,,,,,,,,,,,,,,,,,,,,,
11/06/2024,26.2995,6952,25.89,26.79,25.89,26.2995,-0.0241264281235041,,,26.1452125,26.1452125,,,,,,,,,,,,,,,,,,,,,,,,,,,,,,,,,,,,,,,,
12/06/2024,26.5908,1995,26.88,26.88,26.535,26.5908,0.0110762562025894,,,26.19472222222222,26.19472222222222,,,,,,,,,,,,,,,,,,,,,,,,,,,,,,,,,,,,,,,,
11/07/2024,26.23,1397,26.4,26.52,26.23,26.23,-0.013568602674609354,,,26.19825,26.19825,,,,,,,,,,,,,,,,,,,,,,,,,,,,,,,,,,,,,,,,
11/08/2024,26.7204,4963,26.49,26.83,26.49,26.7204,0.018696149447197996,,,26.24571818181818,26.24571818181818,,,,,,,,,,,,,,,,,,,,,,,,,,,,,,,,,,,,,,,,
12/09/2024,26.1152,2180,26.3017,26.34,26.11,26.1152,-0.0226493615365039,,,26.234841666666668,26.234841666666668,,,,,,,,,,,,,,,,,,,,,,,,,,,,,,,,,,,,,,,,
11/10/2024,25.3884,1004,25.35,25.3884,25.31,25.3884,,,,25.3884,25.3884,,,,,,,,,,,,,,,,,,,,,,,,,,,,,,,,,,,,,,,,
12/10/2024,26.115,1353,26.144,26.144,26.11,26.115,-7.65837519922652e-06,,,26.22562307692308,26.22562307692308,,,,,,,,,,,,,,,,,,,,,,,,,,,,,,,,,,,,,,,,
14/10/2024,25.56,167,25.5693,25.5693,25.56,25.56,-0.0212521539345204,,,26.178078571428575,26.178078571428575,,,,,,,,,,,,,,,,,,,,,,,,,,,,,,,,,,,,,,,,
15/10/2024,25.58,123,25.6,25.6,25.58,25.58,0.0007824726134584292,,,26.13820666666667,26.13820666666667,,,,,,,,,,,,,,,,,,,,,,,,,,,,,,,,,,,,,,,,
16/10/2024,25.8352,366,25.72,25.9,25.72,25.8352,0.009976544175136937,,,26.11926875,26.11926875,,,,,,,,,,,,,,,,,,,,,,,,,,,,,,,,,,,,,,,,
17/10/2024,26.08,1021,25.98,26.11,25.98,26.08,0.0094754443549884,,,26.11695882352941,26.11695882352941,,,,,,,,,,,,,,,,,,,,,,,,,,,,,,,,,,,,,,,,
18/10/2024,26.1114,1251,25.95,26.27,25.95,26.1114,0.0012039877300613,,,26.11665,26.11665,,,,,,,,,,,,,,,,,,,,,,,,,,,,,,,,,,,,,,,,
21/10/2024,26.0355,936,26.21,26.21,25.96,26.0355,-0.0029067763505595,,,26.11237894736842,26.11237894736842,,,,,,,,,,,,,,,,,,,,,,,,,,,,,,,,,,,,,,,,
22/10/2024,25.8673,2319,25.8284,25.8673,25.79,25.8673,-0.0064604098250464,,,26.100125,26.100125,,,,,,,,,,,,,,,,,,,,,,,,,,,,,,,,,,,,,,,,
23/10/2024,25.785,4042,25.77,25.785,25.725,25.785,-0.0031816231303615,,,26.13105,26.08511904761905,,,,,,,,,,,,,,,,,,,,,,,,,,,,,,,,,,,,,,,,
24/10/2024,25.5313,1467,25.57,25.79,25.5313,25.5313,-0.009839053713399215,,,26.080354999999997,26.059945454545456,,,,,,,,,,,,,,,,,,,,,,,,,,,,,,,,,,,,,,,,
25/10/2024,25.4766,237,25.59,25.76,25.4766,25.4766,-0.0021424682644440862,,,26.015435000000004,26.03458260869565,,,,,,,,,,,,,,,,,,,,,,,,,,,,,,,,,,,,,,,,
28/10/2024,25.4385,2519,25.59,25.6,25.4385,25.4385,-0.0014954899790395881,,,26.03686,26.00974583333333,,,,,,,,,,,,,,,,,,,,,,,,,,,,,,,,,,,,,,,,
29/10/2024,25.4267,507,25.26,25.47,25.2599,25.4267,-0.0004638638284490959,,,25.960649999999998,25.986424000000003,,,,,,,,,,,,,,,,,,,,,,,,,,,,,,,,,,,,,,,,
30/10/2024,25.4207,112,25.42,25.4207,25.42,25.4207,-0.0002359724226895,,,25.958440000000003,25.964665384615387,,,,,,,,,,,,,,,,,,,,,,,,,,,,,,,,,,,,,,,,
31/10/2024,24.8778,124,25.06,25.06,24.8778,24.8778,-0.021356610950917898,,,25.854845,25.924411111111112,,,,,,,,,,,,,,,,,,,,,,,,,,,,,,,,,,,,,,,,
01/11/2024,25.1665,1234,25.1,25.52,25.1,25.1665,0.011604723890376,,,25.59880625,25.59880625,,,,,,,,,,,,,,,,,,,,,,,,,,,,,,,,,,,,,,,,
04/11/2024,25.01,106,25.1,25.1,25.01,25.01,-0.0062185842290345,,,25.56417058823529,25.56417058823529,,,,,,,,,,,,,,,,,,,,,,,,,,,,,,,,,,,,,,,,
05/11/2024,25.4649,300,25.45,25.4649,25.22,25.4649,0.0181887245101959,,,25.55865555555556,25.55865555555556,,,,,,,,,,,,,,,,,,,,,,,,,,,,,,,,,,,,,,,,
06/11/2024,26.2995,6952,25.89,26.79,25.89,26.2995,0.0327745249343212,,,25.59764736842105,25.59764736842105,,,,,,,,,,,,,,,,,,,,,,,,,,,,,,,,,,,,,,,,
07/11/2024,26.23,1397,26.4,26.52,26.23,26.23,-0.0026426357915548,,,25.629265,25.629265,,,,,,,,,,,,,,,,,,,,,,,,,,,,,,,,,,,,,,,,
08/11/2024,26.7204,4963,26.49,26.83,26.49,26.7204,0.0186961494471979,,,25.695865000000005,25.68122380952381,,,,,,,,,,,,,,,,,,,,,,,,,,,,,,,,,,,,,,,,
10/11/2024,25.3884,1004,25.35,25.3884,25.31,25.3884,0.0205243228902878,,,25.80929,25.905267857142857,,,,,,,,,,,,,,,,,,,,,,,,,,,,,,,,,,,,,,,,
11/11/2024,27.2949,3982,28.05,28.05,27.09,27.2949,0.07509334971876913,,,25.844495000000002,25.95318620689655,,,,,,,,,,,,,,,,,,,,,,,,,,,,,,,,,,,,,,,,
12/11/2024,26.175,3891,26.27,26.33,26.15,26.175,-0.0410296429003219,,,25.841745,25.96058,,,,,,,,,,,,,,,,,,,,,,,,,,,,,,,,,,,,,,,,
13/11/2024,26.7259,960,26.97,26.97,26.7259,26.7259,0.021046800382043873,,,25.84202,25.985267741935484,,,,,,,,,,,,,,,,,,,,,,,,,,,,,,,,,,,,,,,,
14/11/2024,25.8945,1486,26.55,26.55,25.8945,25.8945,-0.031108400465466,,,25.830985,25.98243125,,,,,,,,,,,,,,,,,,,,,,,,,,,,,,,,,,,,,,,,
15/11/2024,25.7495,813,25.88,25.88,25.715,25.7495,-0.0055996447121975,,,25.81271,25.975372727272728,,,,,,,,,,,,,,,,,,,,,,,,,,,,,,,,,,,,,,,,
18/11/2024,26.37,6606,25.6,26.37,25.6,26.37,0.0240975552923357,,,25.85321,25.986979411764707,,,,,,,,,,,,,,,,,,,,,,,,,,,,,,,,,,,,,,,,
19/11/2024,26.1752,1104,25.8089,26.25,25.8089,26.1752,-0.0073871824042472944,,,25.88297,25.99235714285714,,,,,,,,,,,,,,,,,,,,,,,,,,,,,,,,,,,,,,,,
20/11/2024,26.1416,626,25.95,26.1416,25.95,26.1416,-0.0012836578135028,,,25.898290000000003,25.996502777777778,,,,,,,,,,,,,,,,,,,,,,,,,,,,,,,,,,,,,,,,
21/11/2024,26.4091,653,26.46,26.46,26.4091,26.4091,0.010232732502983621,,,25.914745,26.007654054054054,,,,,,,,,,,,,,,,,,,,,,,,,,,,,,,,,,,,,,,,
22/11/2024,26.4704,580,26.4657,26.4704,26.4657,26.4704,0.0023211695968436974,,,25.932695000000002,26.019831578947368,,,,,,,,,,,,,,,,,,,,,,,,,,,,,,,,,,,,,,,,
25/11/2024,26.2764,799,26.44,26.44,26.115,26.2764,-0.007328941005802836,,,25.944740000000003,26.026410256410255,,,,,,,,,,,,,,,,,,,,,,,,,,,,,,,,,,,,,,,,
26/11/2024,26.4775,733,26.42,26.57,26.4199,26.4775,0.0076532553926718,,,25.97525,26.0376875,,,,,,,,,,,,,,,,,,,,,,,,,,,,,,,,,,,,,,,,
27/11/2024,26.3747,948,27.63,27.63,26.3747,26.3747,-0.0038825417807571982,,,26.004735,26.045907317073173,,,,,,,,,,,,,,,,,,,,,,,,,,,,,,,,,,,,,,,,
29/11/2024,26.725,218,26.58,26.725,26.58,26.725,0.013281667658779028,,,26.064420000000002,26.062076190476187,,,,,,,,,,,,,,,,,,,,,,,,,,,,,,,,,,,,,,,,
02/12/2024,26.5452,2036,26.72,26.72,26.53,26.5452,-0.0067277829747427,,,26.310345,25.99410555555556,,,,,,,,,,,,,,,,,,,,,,,,,,,,,,,,,,,,,,,,
03/12/2024,26.775,2177,26.66,26.823,26.66,26.775,0.0086569323267482,,,26.398595,26.01521081081081,,,,,,,,,,,,,,,,,,,,,,,,,,,,,,,,,,,,,,,,
04/12/2024,26.9509,568,26.83,27.0196,26.83,26.9509,0.0065695611577965,,,26.472895,26.039834210526315,,,,,,,,,,,,,,,,,,,,,,,,,,,,,,,,,,,,,,,,
05/12/2024,26.9497,186,26.9,26.9497,26.9,26.9497,-4.4525414735763214e-05,,,26.505405000000003,26.0631641025641,,,,,,,,,,,,,,,,,,,,,,,,,,,,,,,,,,,,,,,,
06/12/2024,26.5908,1995,26.88,26.88,26.535,26.5908,-0.0133174024200639,,,26.523445,26.076355,,,,,,,,,,,,,,,,,,,,,,,,,,,,,,,,,,,,,,,,
09/12/2024,26.1152,2180,26.3017,26.34,26.11,26.1152,-0.017885885343803,,,26.493185,26.07730243902439,,,,,,,,,,,,,,,,,,,,,,,,,,,,,,,,,,,,,,,,
10/12/2024,26.115,1353,26.144,26.144,26.11,26.115,-7.65837519922652e-06,,,26.43419,26.0782,,,,,,,,,,,,,,,,,,,,,,,,,,,,,,,,,,,,,,,,
11/12/2024,26.8522,1684,27.14,27.14,26.76,26.8522,0.0047595884003741,,,26.1332,26.0804511627907,,,,,,,,,,,,,,,,,,,,,,,,,,,,,,,,,,,,,,,,
12/12/2024,26.0429,3045,26.35,26.43,26.0429,26.0429,-0.03013905750739232,,,26.163420000000002,26.07959772727273,,,,,,,,,,,,,,,,,,,,,,,,,,,,,,,,,,,,,,,,
13/12/2024,26.0181,1526,26.015,26.03,26.0071,26.0181,-0.0009522749002607,,,26.19299,26.078231111111112,,,,,,,,,,,,,,,,,,,,,,,,,,,,,,,,,,,,,,,,
16/12/2024,26.3504,3470,27.0,27.0,25.98,26.3504,0.01277187803875,,,26.239475,26.084147826086955,,,,,,,,,,,,,,,,,,,,,,,,,,,,,,,,,,,,,,,,
17/12/2024,25.9814,5390,25.91,26.15,25.894,25.9814,-0.01400358248831135,,,26.294655,26.08196170212766,,,,,,,,,,,,,,,,,,,,,,,,,,,,,,,,,,,,,,,,
18/12/2024,25.3601,1895,26.0,26.065,25.3601,25.3601,-0.0239132610251949,,,26.29324,26.066922916666663,,,,,,,,,,,,,,,,,,,,,,,,,,,,,,,,,,,,,,,,
19/12/2024,25.4601,2813,25.6057,25.6057,25.35,25.4601,0.0039432021167109,,,26.2015,26.054538775510203,,,,,,,,,,,,,,,,,,,,,,,,,,,,,,,,,,,,,,,,
20/12/2024,25.6288,274,25.36,25.6288,25.36,25.6288,0.0066260541003373,,,26.17419,26.046024000000003,,,,,,,,,,,,,,,,,,,,,,,,,,,,,,,,,,,,,,,,
23/12/2024,25.5834,890,25.54,25.5834,25.49,25.5834,-0.0017714446247969473,,,26.117065000000004,26.054362,,,,,,,,,,,,,,,,,,,,,,,,,,,,,,,,,,,,,,,,
24/12/2024,25.751,490,25.64,25.751,25.64,25.751,0.006551122993816216,,,26.10989,26.038478,,,,,,,,,,,,,,,,,,,,,,,,,,,,,,,,,,,,,,,,
26/12/2024,25.9075,1248,25.88,25.97,25.88,25.9075,0.0060774338860625,,,26.117790000000003,26.021128000000004,,,,,,,,,,,,,,,,,,,,,,,,,,,,,,,,,,,,,,,,
27/12/2024,25.71,681,25.91,25.91,25.702,25.71,-0.00762327511338412,,,26.084789999999998,26.035128,,,,,,,,,,,,,,,,,,,,,,,,,,,,,,,,,,,,,,,,
30/12/2024,25.5224,1326,25.202,25.5224,25.202,25.5224,-0.007296771684169534,,,26.05215,26.006558,,,,,,,,,,,,,,,,,,,,,,,,,,,,,,,,,,,,,,,,
31/12/2024,25.457,600,25.43,25.5677,25.43,25.457,-0.0025624549415416142,,,26.017919999999997,26.006400000000003,,,,,,,,,,,,,,,,,,,,,,,,,,,,,,,,,,,,,,,,
02/01/2025,25.3047,693,25.559,25.56,25.3047,25.3047,-0.0059826373885375,,,25.94872,26.018934,,,,,,,,,,,,,,,,,,,,,,,,,,,,,,,,,,,,,,,,
03/01/2025,25.6116,935,25.45,25.668,25.45,25.6116,0.0121281817211822,,,25.881755,26.01382,,,,,,,,,,,,,,,,,,,,,,,,,,,,,,,,,,,,,,,,
04/01/2025,29.04,15006,29.05,29.11,28.55,29.04,0.1407471422398554,,,26.149465,26.048206,,,,,,,,,,,,,,,,,,,,,,,,,,,,,,,,,,,,,,,,
05/01/2025,30.34,13378,30.01,30.49,30.01,30.34,0.0447658402203856,,,26.342945,26.129016,,,,,,,,,,,,,,,,,,,,,,,,,,,,,,,,,,,,,,,,
06/01/2025,25.3557,888,25.48,25.54,25.3557,25.3557,-0.0099915663215105,,,25.802055000000003,26.005234,,,,,,,,,,,,,,,,,,,,,,,,,,,,,,,,,,,,,,,,
07/01/2025,35.13,48162,35.89,35.89,34.95,35.13,0.1578773895847067,,,26.785625,26.2998,,,,,,,,,,,,,,,,,,,,,,,,,,,,,,,,,,,,,,,,
08/01/2025,35.917,18343,35.6,36.05,35.23,35.917,0.0224025049814973,,,27.257600000000004,26.49354,,,,,,,,,,,,,,,,,,,,,,,,,,,,,,,,,,,,,,,,
10/01/2025,39.11,32507,39.09,39.1875,38.6401,39.11,0.08889940696606047,,,27.894365000000004,26.741332000000003,,,,,,,,,,,,,,,,,,,,,,,,,,,,,,,,,,,,,,,,
12/01/2025,35.4064,9862,36.32,36.32,35.405,35.4064,-0.0946970084377397,,,28.328435,26.927156,,,,,,,,,,,,,,,,,,,,,,,,,,,,,,,,,,,,,,,,
13/01/2025,25.4828,712,25.121,25.4828,25.121,25.4828,-0.2802770120656151,,,28.259965,26.914512,,,,,,,,,,,,,,,,,,,,,,,,,,,,,,,,,,,,,,,,
14/01/2025,25.7255,567,25.675,25.73,25.5899,25.7255,0.0095240711381794,,,28.244095,26.917822,,,,,,,,,,,,,,,,,,,,,,,,,,,,,,,,,,,,,,,,
15/01/2025,25.6807,651,25.87,25.87,25.6807,25.6807,-0.0017414627509668,,,28.227225,26.919836,,,,,,,,,,,,,,,,,,,,,,,,,,,,,,,,,,,,,,,,
16/01/2025,26.024,434,25.84,26.0498,25.84,26.024,0.01336801566935475,,,28.210905000000004,26.923612,,,,,,,,,,,,,,,,,,,,,,,,,,,,,,,,,,,,,,,,
17/01/2025,26.1576,572,26.23,26.2332,26.1576,26.1576,0.0051337227174914,,,28.219715,26.925164,,,,,,,,,,,,,,,,,,,,,,,,,,,,,,,,,,,,,,,,
21/01/2025,26.8508,1208,26.38,26.8508,26.38,26.8508,0.0265009022234457,,,28.29425,26.939952,,,,,,,,,,,,,,,,,,,,,,,,,,,,,,,,,,,,,,,,
22/01/2025,26.925,405,26.94,26.94,26.925,26.925,0.002763418594604383,,,28.367495,26.957742000000003,,,,,,,,,,,,,,,,,,,,,,,,,,,,,,,,,,,,,,,,
23/01/2025,27.095,162,27.095,27.095,27.095,27.095,0.006313834726090928,,,28.440805,26.982296,,,,,,,,,,,,,,,,,,,,,,,,,,,,,,,,,,,,,,,,
24/01/2025,26.96,1564,27.67,27.67,26.96,26.96,-0.004982469090238,,,28.509635,27.005796,,,,,,,,,,,,,,,,,,,,,,,,,,,,,,,,,,,,,,,,
27/01/2025,26.94,690,26.74,26.94,26.576,26.94,-0.0007418397626112,,,28.569085,27.03397,,,,,,,,,,,,,,,,,,,,,,,,,,,,,,,,,,,,,,,,
28/01/2025,26.68,2359,26.726,26.8,26.68,26.68,-0.00965107646622132,,,28.607709999999997,27.058038,,,,,,,,,,,,,,,,,,,,,,,,,,,,,,,,,,,,,,,,
29/01/2025,26.4099,358,26.57,26.57,26.4099,26.4099,-0.010123688155922017,,,28.642705,27.077466,,,,,,,,,,,,,,,,,,,,,,,,,,,,,,,,,,,,,,,,
30/01/2025,26.807,805,26.72,26.8284,26.72,26.807,0.015036028156108161,,,28.706934999999998,27.105072,,,,,,,,,,,,,,,,,,,,,,,,,,,,,,,,,,,,,,,,
31/01/2025,27.03,329,26.91,27.03,26.91,27.03,0.0083187227216772,,,28.785585,27.137258,,,,,,,,,,,,,,,,,,,,,,,,,,,,,,,,,,,,,,,,
01/02/2025,25.3047,693,25.559,25.56,25.3047,25.3047,-0.06382907880133193,,,28.59882,27.145796,,,,,,,,,,,,,,,,,,,,,,,,,,,,,,,,,,,,,,,,
03/02/2025,26.722,1959,26.5,26.722,26.3,26.722,-0.0113947465778764,,,26.24706,26.165714,,,,,,,,,,,,,,,,,,,,,,,,,,,,,,,,,,,,,,,,
04/02/2025,29.0497,16438,28.85,29.07,28.63,29.0497,0.1479962220457069,,,28.534305,27.219022,,,,,,,,,,,,,,,,,,,,,,,,,,,,,,,,,,,,,,,,
05/02/2025,30.95,19681,30.58,31.26,30.58,30.95,0.06541547761250532,,,28.325305000000004,27.292124000000005,,,,,,,,,,,,,,,,,,,,,,,,,,,,,,,,,,,,,,,,
06/02/2025,34.18,80115,33.87,34.3599,33.5424,34.18,0.10436187399030694,,,28.238455,27.452224,,,,,,,,,,,,,,,,,,,,,,,,,,,,,,,,,,,,,,,,
07/02/2025,35.74,37591,35.03,35.74,34.82,35.74,0.04564072557050913,,,28.069955,27.632506,,,,,,,,,,,,,,,,,,,,,,,,,,,,,,,,,,,,,,,,
09/02/2025,36.48,21310,36.41,36.5,36.0274,36.48,0.020705092333519692,,,28.123635,27.844216000000003,,,,,,,,,,,,,,,,,,,,,,,,,,,,,,,,,,,,,,,,
10/02/2025,39.51,18996,39.06,39.51,38.96,39.51,0.0830592105263159,,,28.824995,28.119426,,,,,,,,,,,,,,,,,,,,,,,,,,,,,,,,,,,,,,,,
11/02/2025,26.7,3749,26.7,27.23,26.51,26.7,0.0038160046619168,,,26.58998,26.202552,,,,,,,,,,,,,,,,,,,,,,,,,,,,,,,,,,,,,,,,
12/02/2025,35.715,12300,35.5,35.89,35.5,35.715,-0.09605163249810167,,,29.324469999999998,28.306326,,,,,,,,,,,,,,,,,,,,,,,,,,,,,,,,,,,,,,,,
13/02/2025,26.43,450,26.67,26.67,26.43,26.43,-0.25997480050399,,,29.361935,28.311422,,,,,,,,,,,,,,,,,,,,,,,,,,,,,,,,,,,,,,,,
14/02/2025,26.5,167,26.5,26.5,26.5,26.5,0.00264850548619,,,29.385735,28.31859,,,,,,,,,,,,,,,,,,,,,,,,,,,,,,,,,,,,,,,,
18/02/2025,27.42,16127,27.56,27.56,27.18,27.42,0.03471698113207555,,,29.448855,28.338808,,,,,,,,,,,,,,,,,,,,,,,,,,,,,,,,,,,,,,,,
19/02/2025,27.11,10314,27.3,27.4595,27.11,27.11,-0.0113056163384391,,,29.461815,28.3516,,,,,,,,,,,,,,,,,,,,,,,,,,,,,,,,,,,,,,,,
20/02/2025,26.8135,4830,27.069,27.07,26.645,26.8135,-0.0109369236444115,,,29.45624,28.362342,,,,,,,,,,,,,,,,,,,,,,,,,,,,,,,,,,,,,,,,
21/02/2025,26.3331,1894,26.53,26.53,26.24,26.3331,-0.017916348108229,,,29.418145,28.359454,,,,,,,,,,,,,,,,,,,,,,,,,,,,,,,,,,,,,,,,
24/02/2025,26.6117,3950,26.535,26.7467,26.48,26.6117,0.0105798405808656,,,29.400730000000003,28.364194,,,,,,,,,,,,,,,,,,,,,,,,,,,,,,,,,,,,,,,,
25/02/2025,26.9081,16316,26.87,26.989,26.7,26.9081,0.011137958116167,,,29.399135,28.367856000000003,,,,,,,,,,,,,,,,,,,,,,,,,,,,,,,,,,,,,,,,
26/02/2025,27.085,16188,27.33,27.33,27.08,27.085,0.0065742285780117,,,29.419385,28.372512,,,,,,,,,,,,,,,,,,,,,,,,,,,,,,,,,,,,,,,,
27/02/2025,27.2959,2711,27.39,27.5099,27.2959,27.2959,0.0077865977478308,,,29.463685000000005,28.397572,,,,,,,,,,,,,,,,,,,,,,,,,,,,,,,,,,,,,,,,
28/02/2025,27.98,10896,27.5238,27.98,27.3267,27.98,0.02506237200458683,,,29.522334999999998,28.436809999999994,,,,,,,,,,,,,,,,,,,,,,,,,,,,,,,,,,,,,,,,
01/03/2025,25.6116,935,25.45,25.668,25.45,25.6116,-0.08464617583988565,,,29.451415000000004,28.422034000000004,,,,,,,,,,,,,,,,,,,,,,,,,,,,,,,,,,,,,,,,
02/03/2025,26.722,1959,26.5,26.722,26.3,26.722,0.0433553546049447,,,29.52228,28.436846,,,,,,,,,,,,,,,,,,,,,,,,,,,,,,,,,,,,,,,,
03/03/2025,28.59,78753,29.02,29.5,28.5329,28.59,0.06990494723448837,,,29.499295,28.501444000000003,,,,,,,,,,,,,,,,,,,,,,,,,,,,,,,,,,,,,,,,
04/03/2025,28.58,31251,28.986,29.005,28.53,28.58,-0.000349772647779,,,29.380795,28.563842,,,,,,,,,,,,,,,,,,,,,,,,,,,,,,,,,,,,,,,,
05/03/2025,29.28,50296,28.94,29.425,28.6675,29.28,0.0371944739638683,,,27.110455,26.483212,,,,,,,,,,,,,,,,,,,,,,,,,,,,,,,,,,,,,,,,
06/03/2025,34.3283,106739,34.91,34.91,34.01,34.3283,0.20113016095171443,,,29.388209999999997,28.737831999999997,,,,,,,,,,,,,,,,,,,,,,,,,,,,,,,,,,,,,,,,
07/03/2025,35.63,33871,35.32,35.68,35.06,35.63,0.03791915125421319,,,29.382709999999996,28.938763999999995,,,,,,,,,,,,,,,,,,,,,,,,,,,,,,,,,,,,,,,,
09/03/2025,36.285,11812,36.48,36.5829,36.22,36.285,0.018383384788099644,,,29.37296,29.149444,,,,,,,,,,,,,,,,,,,,,,,,,,,,,,,,,,,,,,,,
10/03/2025,39.25,35709,39.49,39.5,39.0301,39.25,0.0817142069725782,,,29.35996,29.416294,,,,,,,,,,,,,,,,,,,,,,,,,,,,,,,,,,,,,,,,
11/03/2025,38.73,22111,38.97,38.97,38.45,38.73,-0.013248407643312143,,,29.51071,29.676694,,,,,,,,,,,,,,,,,,,,,,,,,,,,,,,,,,,,,,,,
12/03/2025,36.1372,14058,36.1,36.2,35.9315,36.1372,-0.06694552026852563,,,29.996069999999996,29.88899,,,,,,,,,,,,,,,,,,,,,,,,,,,,,,,,,,,,,,,,
13/03/2025,28.46,28359,28.33,28.46,28.25,28.46,-0.2124459006231804,,,30.09407,29.94905,,,,,,,,,,,,,,,,,,,,,,,,,,,,,,,,,,,,,,,,
14/03/2025,29.21,15151,28.81,29.46,28.81,29.21,0.0263527758257202,,,30.183570000000003,29.95245,,,,,,,,,,,,,,,,,,,,,,,,,,,,,,,,,,,,,,,,
17/03/2025,29.54,41089,29.21,29.57,29.21,29.54,0.011297500855871112,,,30.30507,29.93645,,,,,,,,,,,,,,,,,,,,,,,,,,,,,,,,,,,,,,,,
18/03/2025,29.51,31446,30.25,30.25,29.1501,29.51,-0.0010155721056194222,,,30.439895,29.824049999999996,,,,,,,,,,,,,,,,,,,,,,,,,,,,,,,,,,,,,,,,
19/03/2025,29.74,13340,29.38,29.775,29.38,29.74,0.007793968146390995,,,30.610239999999997,29.700509999999998,,,,,,,,,,,,,,,,,,,,,,,,,,,,,,,,,,,,,,,,
20/03/2025,29.29,25477,29.27,30.0053,29.1865,29.29,-0.0151311365164761,,,30.744155,29.50411,,,,,,,,,,,,,,,,,,,,,,,,,,,,,,,,,,,,,,,,
21/03/2025,29.07,28282,29.01,29.08,28.85,29.07,-0.007511095937179912,,,30.852249999999998,29.377382,,,,,,,,,,,,,,,,,,,,,,,,,,,,,,,,,,,,,,,,
24/03/2025,29.3,25069,29.26,29.39,29.2,29.3,0.0079119367045064,,,30.963,29.453726000000003,,,,,,,,,,,,,,,,,,,,,,,,,,,,,,,,,,,,,,,,
25/03/2025,29.64,26922,29.51,29.65,29.345,29.64,0.01160409556314,,,31.080205,29.532016,,,,,,,,,,,,,,,,,,,,,,,,,,,,,,,,,,,,,,,,
26/03/2025,29.45,10958,29.59,29.6591,29.3508,29.45,-0.0064102564102564,,,31.153705,29.607402,,,,,,,,,,,,,,,,,,,,,,,,,,,,,,,,,,,,,,,,
27/03/2025,29.3,11947,29.29,29.5,29.16,29.3,-0.0050933786078097,,,31.338125,29.672922,,,,,,,,,,,,,,,,,,,,,,,,,,,,,,,,,,,,,,,,
28/03/2025,28.8091,33166,29.3,29.3,28.62,28.8091,-0.0167542662116041,,,31.44248,29.725952000000003,,,,,,,,,,,,,,,,,,,,,,,,,,,,,,,,,,,,,,,,
31/03/2025,28.785,16775,28.57,28.82,28.12,28.785,-0.0008365412317635768,,,31.452229999999997,29.764636,,,,,,,,,,,,,,,,,,,,,,,,,,,,,,,,,,,,,,,,
01/04/2025,29.04,15006,29.05,29.11,28.55,29.04,0.0088587806149036,,,29.041705,27.777366,,,,,,,,,,,,,,,,,,,,,,,,,,,,,,,,,,,,,,,,
02/04/2025,26.6854,3316,26.76,26.76,26.57,26.6854,-0.07294076776098657,,,31.357500000000005,29.759843999999998,,,,,,,,,,,,,,,,,,,,,,,,,,,,,,,,,,,,,,,,
03/04/2025,28.23,29473,28.59,28.81,27.82,28.23,0.05788183800879887,,,31.052585,29.782543999999998,,,,,,,,,,,,,,,,,,,,,,,,,,,,,,,,,,,,,,,,
04/04/2025,26.0669,56637,27.8,27.8,26.0669,26.0669,-0.0766241586964222,,,30.57443,29.764682000000004,,,,,,,,,,,,,,,,,,,,,,,,,,,,,,,,,,,,,,,,
06/04/2025,34.46,34009,34.4,34.5599,34.18,34.46,0.3219830513026098,,,30.48318,29.915082,,,,,,,,,,,,,,,,,,,,,,,,,,,,,,,,,,,,,,,,
07/04/2025,25.79,74130,25.06,26.045,25.0,25.79,-0.010622667060525,,,28.781035000000003,27.810482,,,,,,,,,,,,,,,,,,,,,,,,,,,,,,,,,,,,,,,,
08/04/2025,36.39,18252,36.13,36.47,36.13,36.39,0.05600696459663368,,,30.340179999999997,30.109281999999997,,,,,,,,,,,,,,,,,,,,,,,,,,,,,,,,,,,,,,,,
09/04/2025,36.405,6812,36.24,36.482,36.18,36.405,0.00041220115416318315,,,30.223930000000003,30.309184000000002,,,,,,,,,,,,,,,,,,,,,,,,,,,,,,,,,,,,,,,,
10/04/2025,27.9555,26036,28.86,28.86,27.47,27.9555,-0.0215085754287713,,,28.64539,27.864626,,,,,,,,,,,,,,,,,,,,,,,,,,,,,,,,,,,,,,,,
11/04/2025,37.98,29146,38.48,38.71,37.9,37.98,0.043263288009888656,,,30.316070000000003,30.532644,,,,,,,,,,,,,,,,,,,,,,,,,,,,,,,,,,,,,,,,
12/04/2025,36.55,10251,36.54,36.69,36.36,36.55,-0.0376513954713007,,,30.72057,30.723044,,,,,,,,,,,,,,,,,,,,,,,,,,,,,,,,,,,,,,,,
14/04/2025,28.99,12755,29.08,29.08,28.72,28.99,-0.2068399452804377,,,30.70957,30.79675,,,,,,,,,,,,,,,,,,,,,,,,,,,,,,,,,,,,,,,,
15/04/2025,29.13,18282,29.33,29.33,29.0,29.13,0.0048292514660228,,,30.68907,30.798356,,,,,,,,,,,,,,,,,,,,,,,,,,,,,,,,,,,,,,,,
16/04/2025,29.17,14454,29.06,29.28,28.83,29.17,0.001373154823206324,,,30.67207,30.762756,,,,,,,,,,,,,,,,,,,,,,,,,,,,,,,,,,,,,,,,
17/04/2025,29.41,14104,29.73,29.73,28.765,29.41,0.008227631127871,,,30.65557,30.667356,,,,,,,,,,,,,,,,,,,,,,,,,,,,,,,,,,,,,,,,
21/04/2025,28.87,37743,30.0,30.0,28.1205,28.87,-0.0183611016660999,,,30.634570000000004,30.529956,,,,,,,,,,,,,,,,,,,,,,,,,,,,,,,,,,,,,,,,
22/04/2025,28.47,18994,29.23,29.23,28.185,28.47,-0.0138552130239003,,,30.60457,30.369756,,,,,,,,,,,,,,,,,,,,,,,,,,,,,,,,,,,,,,,,
23/04/2025,28.71,6051,29.25,29.25,28.55,28.71,0.0084299262381455,,,30.57507,30.153756,,,,,,,,,,,,,,,,,,,,,,,,,,,,,,,,,,,,,,,,
24/04/2025,29.0,2951,28.6,29.0,28.5,29.0,0.0101010101010101,,,30.54307,30.019456,,,,,,,,,,,,,,,,,,,,,,,,,,,,,,,,,,,,,,,,
25/04/2025,29.48,16087,29.05,29.48,29.05,29.48,0.016551724137931156,,,30.54457,30.080455999999998,,,,,,,,,,,,,,,,,,,,,,,,,,,,,,,,,,,,,,,,
28/04/2025,29.5,11235,29.48,29.69,29.1903,29.5,0.0006784260515604,,,30.55457,30.140456,,,,,,,,,,,,,,,,,,,,,,,,,,,,,,,,,,,,,,,,
29/04/2025,29.99,9698,29.3,30.12,29.3,29.99,0.0166101694915252,,,30.613615,30.191856,,,,,,,,,,,,,,,,,,,,,,,,,,,,,,,,,,,,,,,,
30/04/2025,30.01,16393,29.66,30.0725,29.58,30.01,0.0006668889629877217,,,30.674865,30.249856,,,,,,,,,,,,,,,,,,,,,,,,,,,,,,,,,,,,,,,,
01/05/2025,30.34,13378,30.01,30.49,30.01,30.34,0.0109963345551482,,,28.6307,28.566902,,,,,,,,,,,,,,,,,,,,,,,,,,,,,,,,,,,,,,,,
02/05/2025,26.93,230,26.83,26.93,26.83,26.93,-0.1026324558480507,,,30.687095,30.252186,,,,,,,,,,,,,,,,,,,,,,,,,,,,,,,,,,,,,,,,
03/05/2025,29.28,50296,28.94,29.425,28.6675,29.28,0.0872632751578166,,,30.739595,30.311124,,,,,,,,,,,,,,,,,,,,,,,,,,,,,,,,,,,,,,,,
05/05/2025,31.41,24533,32.0,32.0,31.0,31.41,0.0727459016393441,,,31.00675,30.40709,,,,,,,,,,,,,,,,,,,,,,,,,,,,,,,,,,,,,,,,
06/05/2025,34.47,34324,34.79,34.79,34.27,34.47,0.09742120343839544,,,31.00725,30.558328000000003,,,,,,,,,,,,,,,,,,,,,,,,,,,,,,,,,,,,,,,,
07/05/2025,31.15,28389,31.07,31.27,30.87,31.15,-0.0054278416347381,,,29.539775,28.930174,,,,,,,,,,,,,,,,,,,,,,,,,,,,,,,,,,,,,,,,
08/05/2025,36.42,18423,36.23,36.68,36.07,36.42,0.0565709312445605,,,31.00875,30.745028,,,,,,,,,,,,,,,,,,,,,,,,,,,,,,,,,,,,,,,,
09/05/2025,36.505,16275,36.48,36.58,36.09,36.505,0.002333882482152605,,,31.013749999999998,30.929209999999998,,,,,,,,,,,,,,,,,,,,,,,,,,,,,,,,,,,,,,,,
11/05/2025,37.7348,17171,37.65,37.93,37.39,37.7348,0.0336885358170113,,,31.00149,31.124306,,,,,,,,,,,,,,,,,,,,,,,,,,,,,,,,,,,,,,,,
12/05/2025,36.29,11407,36.99,36.99,36.25,36.29,-0.0382882644137507,,,30.98849,31.337874,,,,,,,,,,,,,,,,,,,,,,,,,,,,,,,,,,,,,,,,
13/05/2025,31.64,11589,31.79,31.85,31.38,31.64,-0.1281344723064205,,,31.12099,31.436234,,,,,,,,,,,,,,,,,,,,,,,,,,,,,,,,,,,,,,,,
14/05/2025,31.46,12535,31.9,31.95,31.285,31.46,-0.0056890012642224486,,,31.23749,31.493634,,,,,,,,,,,,,,,,,,,,,,,,,,,,,,,,,,,,,,,,
15/05/2025,32.27,12900,32.08,32.27,31.51,32.27,0.02574698029243483,,,31.39249,31.567434000000002,,,,,,,,,,,,,,,,,,,,,,,,,,,,,,,,,,,,,,,,
16/05/2025,32.55,16365,32.095,32.55,32.095,32.55,0.00867678958785234,,,31.549490000000002,31.531868,,,,,,,,,,,,,,,,,,,,,,,,,,,,,,,,,,,,,,,,
19/05/2025,33.23,45772,33.75,33.75,32.54,33.23,0.0208909370199692,,,31.76749,31.483868,,,,,,,,,,,,,,,,,,,,,,,,,,,,,,,,,,,,,,,,
20/05/2025,33.01,18972,34.78,34.885,32.645,33.01,-0.006620523623231955,,,31.994489999999995,31.418368,,,,,,,,,,,,,,,,,,,,,,,,,,,,,,,,,,,,,,,,
21/05/2025,32.76,14146,33.51,33.51,32.62,32.76,-0.0075734625870947,,,32.19699000000001,31.288568,,,,,,,,,,,,,,,,,,,,,,,,,,,,,,,,,,,,,,,,
22/05/2025,32.635,11390,32.76,32.76,32.37,32.635,-0.0038156288156288,,,32.37874000000001,31.166668,,,,,,,,,,,,,,,,,,,,,,,,,,,,,,,,,,,,,,,,
23/05/2025,32.66,5764,32.64,32.6799,32.4765,32.66,0.0007660487206986,,,32.53774,31.097124000000004,,,,,,,,,,,,,,,,,,,,,,,,,,,,,,,,,,,,,,,,
27/05/2025,33.83,25031,34.07,34.29,33.09,33.83,0.03582363747703621,,,32.754239999999996,31.204524000000003,,,,,,,,,,,,,,,,,,,,,,,,,,,,,,,,,,,,,,,,
28/05/2025,33.48,12972,34.09,34.09,33.455,33.48,-0.010345846881466225,,,32.92874,31.289924,,,,,,,,,,,,,,,,,,,,,,,,,,,,,,,,,,,,,,,,
29/05/2025,33.57,12014,33.96,33.96,33.4093,33.57,0.0026881720430107503,,,33.10674,31.370524,,,,,,,,,,,,,,,,,,,,,,,,,,,,,,,,,,,,,,,,
30/05/2025,33.72,10018,34.31,34.31,33.4,33.72,0.0044682752457549935,,,33.44624,31.454724000000002,,,,,,,,,,,,,,,,,,,,,,,,,,,,,,,,,,,,,,,,
01/06/2025,25.3557,888,25.48,25.54,25.3557,25.3557,-0.2480516014234876,,,33.250025,31.367038,,,,,,,,,,,,,,,,,,,,,,,,,,,,,,,,,,,,,,,,
02/06/2025,26.5082,4007,26.67,26.69,26.4713,26.5082,0.0454532905816049,,,33.004935,31.311402,,,,,,,,,,,,,,,,,,,,,,,,,,,,,,,,,,,,,,,,
03/06/2025,28.73,60693,29.28,29.28,28.5,28.73,0.0838155740487849,,,32.717935,31.304602,,,,,,,,,,,,,,,,,,,,,,,,,,,,,,,,,,,,,,,,
04/06/2025,34.46,34009,34.4,34.5599,34.18,34.46,0.0038364847662133,,,32.753415000000004,30.508722,,,,,,,,,,,,,,,,,,,,,,,,,,,,,,,,,,,,,,,,
05/06/2025,31.32,18120,31.31,31.32,30.6558,31.32,0.09014966933518975,,,32.462935,31.345002,,,,,,,,,,,,,,,,,,,,,,,,,,,,,,,,,,,,,,,,
06/06/2025,34.4,32346,34.56,34.56,34.274,34.4,0.0983397190293742,,,32.357685000000004,31.440202000000003,,,,,,,,,,,,,,,,,,,,,,,,,,,,,,,,,,,,,,,,
08/06/2025,36.565,21998,36.09,36.6885,36.09,36.565,0.0629360465116279,,,32.299195,31.582502,,,,,,,,,,,,,,,,,,,,,,,,,,,,,,,,,,,,,,,,
09/06/2025,34.47,26766,34.4,34.76,34.0,34.47,0.0020348837209303,,,33.222415,30.807722,,,,,,,,,,,,,,,,,,,,,,,,,,,,,,,,,,,,,,,,
10/06/2025,39.26,27271,38.94,39.26,38.94,39.26,0.07370436209489961,,,32.447694999999996,31.781702,,,,,,,,,,,,,,,,,,,,,,,,,,,,,,,,,,,,,,,,
11/06/2025,37.4203,13506,37.41,37.64,37.35,37.4203,-0.04685939887926649,,,32.73671,31.953925999999996,,,,,,,,,,,,,,,,,,,,,,,,,,,,,,,,,,,,,,,,
12/06/2025,33.89,13573,33.52,33.9,33.52,33.89,0.0005904930617066,,,33.582665000000006,31.10764,,,,,,,,,,,,,,,,,,,,,,,,,,,,,,,,,,,,,,,,
13/06/2025,34.04,25553,34.15,34.3,33.75,34.04,-0.090333321753166,,,32.86571,32.059026,,,,,,,,,,,,,,,,,,,,,,,,,,,,,,,,,,,,,,,,
16/06/2025,33.81,20396,34.31,34.36,33.7,33.81,-0.006756756756756688,,,32.94271,32.201518,,,,,,,,,,,,,,,,,,,,,,,,,,,,,,,,,,,,,,,,
17/06/2025,33.97,48786,34.03,34.32,33.85,33.97,0.00473232771369414,,,33.013709999999996,32.316318,,,,,,,,,,,,,,,,,,,,,,,,,,,,,,,,,,,,,,,,
18/06/2025,34.02,37452,34.27,34.27,33.75,34.02,0.0014718869590817,,,33.05321,32.47538,,,,,,,,,,,,,,,,,,,,,,,,,,,,,,,,,,,,,,,,
20/06/2025,33.95,16039,34.33,34.33,33.8,33.95,-0.0020576131687243,,,33.100210000000004,32.465180000000004,,,,,,,,,,,,,,,,,,,,,,,,,,,,,,,,,,,,,,,,
23/06/2025,34.24,36870,34.07,34.33,33.75,34.24,0.008541973490427068,,,33.17421,32.42218,,,,,,,,,,,,,,,,,,,,,,,,,,,,,,,,,,,,,,,,
24/06/2025,34.205,34074,34.46,34.46,33.85,34.205,-0.0010221962616823177,,,33.25270999999999,32.37818,,,,,,,,,,,,,,,,,,,,,,,,,,,,,,,,,,,,,,,,
25/06/2025,34.29,61860,34.49,34.5,34.1,34.29,0.0024850168104078,,,33.33421,32.30438,,,,,,,,,,,,,,,,,,,,,,,,,,,,,,,,,,,,,,,,
26/06/2025,34.9,64636,34.67,35.422,34.4887,34.9,0.017789442986293258,,,33.387710000000006,32.27138,,,,,,,,,,,,,,,,,,,,,,,,,,,,,,,,,,,,,,,,
27/06/2025,35.55,69097,35.6,35.6587,34.7516,35.55,0.01862464183381074,,,33.49121,32.40258,,,,,,,,,,,,,,,,,,,,,,,,,,,,,,,,,,,,,,,,
30/06/2025,35.79,71220,36.58,36.58,35.3015,35.79,0.0067510548523206,,,33.60221,32.53578,,,,,,,,,,,,,,,,,,,,,,,,,,,,,,,,,,,,,,,,
01/07/2025,25.3152,552,25.5,25.515,25.3152,25.3152,-0.2926739312657166,,,33.18196999999999,32.458684,,,,,,,,,,,,,,,,,,,,,,,,,,,,,,,,,,,,,,,,
02/07/2025,26.37,1259,26.4339,26.48,26.37,26.37,0.04166666666666674,,,33.232685,32.397884,,,,,,,,,,,,,,,,,,,,,,,,,,,,,,,,,,,,,,,,
03/07/2025,28.59,23857,28.51,28.6,28.1,28.59,0.08418657565415244,,,33.336775,32.392284,,,,,,,,,,,,,,,,,,,,,,,,,,,,,,,,,,,,,,,,
04/07/2025,25.79,74130,25.06,26.045,25.0,25.79,-0.0979363413781042,,,33.189775,32.338684,,,,,,,,,,,,,,,,,,,,,,,,,,,,,,,,,,,,,,,,
05/07/2025,31.15,28389,31.07,31.27,30.87,31.15,0.2078324932144242,,,33.181275,32.387484,,,,,,,,,,,,,,,,,,,,,,,,,,,,,,,,,,,,,,,,
07/07/2025,35.53,45125,36.09,36.09,34.85,35.53,0.14060995184590697,,,33.237775,32.518084,,,,,,,,,,,,,,,,,,,,,,,,,,,,,,,,,,,,,,,,
08/07/2025,36.2225,20140,36.42,36.42,36.0017,36.2225,0.0194905713481563,,,33.22065,32.652934,,,,,,,,,,,,,,,,,,,,,,,,,,,,,,,,,,,,,,,,
09/07/2025,36.06,24989,35.39,36.13,35.39,36.06,0.0129213483146066,,,34.704249999999995,33.320266,,,,,,,,,,,,,,,,,,,,,,,,,,,,,,,,,,,,,,,,
10/07/2025,39.36,27567,39.45,39.45,39.047,39.36,0.08661743391538423,,,33.22565,32.850134000000004,,,,,,,,,,,,,,,,,,,,,,,,,,,,,,,,,,,,,,,,
11/07/2025,37.51,25817,37.22,37.6,37.0001,37.51,-0.0470020325203252,,,33.230135000000004,33.000534,,,,,,,,,,,,,,,,,,,,,,,,,,,,,,,,,,,,,,,,
14/07/2025,36.5,62083,36.26,36.51,36.1001,36.5,-0.0269261530258597,,,33.353134999999995,33.130334000000005,,,,,,,,,,,,,,,,,,,,,,,,,,,,,,,,,,,,,,,,
15/07/2025,36.265,68399,36.51,36.6291,36.1051,36.265,-0.0064383561643835,,,33.475885,33.317034,,,,,,,,,,,,,,,,,,,,,,,,,,,,,,,,,,,,,,,,
16/07/2025,36.49,38929,36.21,36.49,36.09,36.49,0.0062043292430717,,,33.601885,33.461234,,,,,,,,,,,,,,,,,,,,,,,,,,,,,,,,,,,,,,,,
17/07/2025,36.74,47065,36.7,36.75,36.4,36.74,0.006851192107426796,,,33.737885,33.567834,,,,,,,,,,,,,,,,,,,,,,,,,,,,,,,,,,,,,,,,
18/07/2025,36.82,56789,37.27,37.27,36.675,36.82,0.0021774632553075435,,,33.881385,33.614834,,,,,,,,,,,,,,,,,,,,,,,,,,,,,,,,,,,,,,,,
21/07/2025,36.59,46313,36.84,36.9,36.5,36.59,-0.006246605105920566,,,33.998884999999994,33.618234,,,,,,,,,,,,,,,,,,,,,,,,,,,,,,,,,,,,,,,,
22/07/2025,36.25,51390,36.32,36.46,35.855,36.25,-0.009292156326865308,,,34.101135,33.613134,,,,,,,,,,,,,,,,,,,,,,,,,,,,,,,,,,,,,,,,
23/07/2025,36.88,29745,36.73,36.88,36.1,36.88,0.017379310344827648,,,34.230635,33.596038,,,,,,,,,,,,,,,,,,,,,,,,,,,,,,,,,,,,,,,,
24/07/2025,36.46,32140,36.59,36.7199,36.3683,36.46,-0.011388286334056419,,,34.308634999999995,33.599438,,,,,,,,,,,,,,,,,,,,,,,,,,,,,,,,,,,,,,,,
25/07/2025,36.77,27392,36.51,36.812,36.2589,36.77,0.008502468458584822,,,34.369635,33.702037999999995,,,,,,,,,,,,,,,,,,,,,,,,,,,,,,,,,,,,,,,,
28/07/2025,36.15,28713,36.4,36.69,36.0163,36.15,-0.0168615719336416,,,34.387635,33.795838,,,,,,,,,,,,,,,,,,,,,,,,,,,,,,,,,,,,,,,,
29/07/2025,36.19,16679,36.53,36.53,36.03,36.19,0.0011065006915629,,,34.931375,33.874238,,,,,,,,,,,,,,,,,,,,,,,,,,,,,,,,,,,,,,,,
30/07/2025,36.0612,17993,36.16,36.3,35.8515,36.0612,-0.0035589941972919,,,35.415935000000005,33.944462,,,,,,,,,,,,,,,,,,,,,,,,,,,,,,,,,,,,,,,,
31/07/2025,36.0347,29814,35.97,36.25,35.8501,36.0347,-0.0007348618459729339,,,35.78817,34.000556,,,,,,,,,,,,,,,,,,,,,,,,,,,,,,,,,,,,,,,,
01/08/2025,25.6633,2511,25.57,25.6633,25.321,25.6633,-0.2878170208160467,,,35.781835,33.853622,,,,,,,,,,,,,,,,,,,,,,,,,,,,,,,,,,,,,,,,
04/08/2025,26.2116,19722,26.54,27.5499,25.97,26.2116,0.02136514010279278,,,35.534915,33.722654,,,,,,,,,,,,,,,,,,,,,,,,,,,,,,,,,,,,,,,,
05/08/2025,31.49,23260,31.5,33.5999,31.2,31.49,0.2013764897984098,,,35.332915,33.699754,,,,,,,,,,,,,,,,,,,,,,,,,,,,,,,,,,,,,,,,
06/08/2025,36.565,21998,36.09,36.6885,36.09,36.565,0.0039813289401426,,,36.377645,35.250924,,,,,,,,,,,,,,,,,,,,,,,,,,,,,,,,,,,,,,,,
07/08/2025,35.6,30001,35.13,35.625,35.1021,35.6,0.13051762464274375,,,35.30179,33.758554,,,,,,,,,,,,,,,,,,,,,,,,,,,,,,,,,,,,,,,,
08/08/2025,36.085,21102,36.22,36.5085,36.0,36.085,0.0136235955056178,,,35.138040000000004,33.803654,,,,,,,,,,,,,,,,,,,,,,,,,,,,,,,,,,,,,,,,
09/08/2025,36.74,14785,36.26,36.7899,36.26,36.74,0.018151586531800046,,,35.099540000000005,33.868854,,,,,,,,,,,,,,,,,,,,,,,,,,,,,,,,,,,,,,,,
10/08/2025,39.6751,20244,39.5,39.76,39.44,39.6751,0.0798884050081654,,,35.258295,33.990956000000004,,,,,,,,,,,,,,,,,,,,,,,,,,,,,,,,,,,,,,,,
11/08/2025,35.7845,20822,36.08,36.08,35.7409,35.7845,-0.0083275599279478,,,36.354245000000006,35.395164,,,,,,,,,,,,,,,,,,,,,,,,,,,,,,,,,,,,,,,,
12/08/2025,36.8,18777,36.34,37.0,36.29,36.8,-0.0724661059455427,,,35.285045000000004,34.052556,,,,,,,,,,,,,,,,,,,,,,,,,,,,,,,,,,,,,,,,
13/08/2025,36.335,15327,36.12,36.6493,36.01,36.335,-0.0126358695652173,,,35.277294999999995,34.272142,,,,,,,,,,,,,,,,,,,,,,,,,,,,,,,,,,,,,,,,
14/08/2025,36.3826,12821,36.5636,36.58,36.2749,36.3826,0.0013100316499241,,,35.259425,34.469629999999995,,,,,,,,,,,,,,,,,,,,,,,,,,,,,,,,,,,,,,,,
15/08/2025,36.21,11653,35.89,36.3701,35.89,36.21,-0.0047440259904458,,,35.228925000000004,34.619229999999995,,,,,,,,,,,,,,,,,,,,,,,,,,,,,,,,,,,,,,,,
18/08/2025,36.365,20585,36.21,36.4575,36.1521,36.365,0.004280585473626,,,35.217675,34.72013,,,,,,,,,,,,,,,,,,,,,,,,,,,,,,,,,,,,,,,,
19/08/2025,35.69,17457,36.5,36.5,35.53,35.69,-0.018561803932352627,,,35.189675,34.74593,,,,,,,,,,,,,,,,,,,,,,,,,,,,,,,,,,,,,,,,
20/08/2025,35.735,7015,35.71,35.9324,35.51,35.735,0.0012608573830203,,,35.132425,34.72933,,,,,,,,,,,,,,,,,,,,,,,,,,,,,,,,,,,,,,,,
21/08/2025,35.92,5696,35.97,36.0,35.6373,35.92,0.005176997341541867,,,35.105425000000004,34.662530000000004,,,,,,,,,,,,,,,,,,,,,,,,,,,,,,,,,,,,,,,,
22/08/2025,36.2465,21694,35.92,36.5205,35.84,36.2465,0.009089643652561152,,,35.07925,34.639054,,,,,,,,,,,,,,,,,,,,,,,,,,,,,,,,,,,,,,,,
25/08/2025,36.13,16948,36.44,36.4699,36.05,36.13,-0.003214103430675963,,,35.078250000000004,34.680854,,,,,,,,,,,,,,,,,,,,,,,,,,,,,,,,,,,,,,,,
26/08/2025,36.57,10091,36.28,36.6162,36.22,36.57,0.012178245225574313,,,35.097249999999995,34.736053999999996,,,,,,,,,,,,,,,,,,,,,,,,,,,,,,,,,,,,,,,,
27/08/2025,36.5316,12782,36.64,36.64,36.37,36.5316,-0.0010500410172272767,,,35.12077,34.787286,,,,,,,,,,,,,,,,,,,,,,,,,,,,,,,,,,,,,,,,
28/08/2025,36.59,7937,36.65,36.65,36.4,36.59,0.0015986159927297,,,35.148534999999995,34.838686,,,,,,,,,,,,,,,,,,,,,,,,,,,,,,,,,,,,,,,,
29/08/2025,36.4969,92835,36.6,36.75,36.4,36.4969,-0.0025444110412683463,,,35.690215,34.889624,,,,,,,,,,,,,,,,,,,,,,,,,,,,,,,,,,,,,,,,
02/09/2025,36.48,21310,36.41,36.5,36.0274,36.48,-0.0004630530264214,,,36.252750000000006,36.045758,,,,,,,,,,,,,,,,,,,,,,,,,,,,,,,,,,,,,,,,
03/09/2025,36.285,11812,36.48,36.5829,36.22,36.285,-0.0053453947368421,,,36.246,36.086658,,,,,,,,,,,,,,,,,,,,,,,,,,,,,,,,,,,,,,,,
04/09/2025,28.57,83517,26.85,28.655,26.02,28.57,-0.21719378906153664,,,35.80813500000001,34.776224,,,,,,,,,,,,,,,,,,,,,,,,,,,,,,,,,,,,,,,,
05/09/2025,31.32,10364,31.68,31.68,31.09,31.32,0.096254812740637,,,35.799635,34.718523999999995,,,,,,,,,,,,,,,,,,,,,,,,,,,,,,,,,,,,,,,,
06/09/2025,34.47,26766,34.4,34.76,34.0,34.47,0.100574712643678,,,35.743135,34.722124,,,,,,,,,,,,,,,,,,,,,,,,,,,,,,,,,,,,,,,,
07/09/2025,36.06,24989,35.39,36.13,35.39,36.06,0.0461270670147955,,,35.741885,34.745324,,,,,,,,,,,,,,,,,,,,,,,,,,,,,,,,,,,,,,,,
08/09/2025,36.74,14785,36.26,36.7899,36.26,36.74,0.0064374743185864,,,36.284875,36.211758,,,,,,,,,,,,,,,,,,,,,,,,,,,,,,,,,,,,,,,,
09/09/2025,36.42,11378,36.85,36.85,36.2,36.42,0.009983361064891838,,,35.725885,34.762724,,,,,,,,,,,,,,,,,,,,,,,,,,,,,,,,,,,,,,,,
10/09/2025,38.91,28761,39.71,39.74,38.783,38.91,0.0683690280065896,,,35.68763,34.825124,,,,,,,,,,,,,,,,,,,,,,,,,,,,,,,,,,,,,,,,
11/09/2025,37.4,25768,37.99,37.99,37.0028,37.4,0.0196292257360959,,,36.38913,36.292358,,,,,,,,,,,,,,,,,,,,,,,,,,,,,,,,,,,,,,,,
12/09/2025,36.6104,12663,36.9346,37.05,36.6104,36.6104,-0.059100488306347954,,,35.67815,35.051028,,,,,,,,,,,,,,,,,,,,,,,,,,,,,,,,,,,,,,,,
15/09/2025,37.7795,62454,38.03,38.03,37.4,37.7795,0.031933548936914136,,,35.750375000000005,35.279218,,,,,,,,,,,,,,,,,,,,,,,,,,,,,,,,,,,,,,,,
16/09/2025,37.9073,26104,37.8,37.9499,37.7,37.9073,0.00338278696118266,,,35.82661,35.465564,,,,,,,,,,,,,,,,,,,,,,,,,,,,,,,,,,,,,,,,
17/09/2025,37.5,33461,38.29,38.29,37.32,37.5,-0.010744632300374812,,,35.89111,35.699764,,,,,,,,,,,,,,,,,,,,,,,,,,,,,,,,,,,,,,,,
18/09/2025,37.79,11685,37.43,37.79,37.26,37.79,0.0077333333333333,,,35.962360000000004,35.832564000000005,,,,,,,,,,,,,,,,,,,,,,,,,,,,,,,,,,,,,,,,
19/09/2025,37.92,21650,38.28,38.28,37.5471,37.92,0.0034400635088649,,,36.07386,35.880364,,,,,,,,,,,,,,,,,,,,,,,,,,,,,,,,,,,,,,,,
22/09/2025,38.12,12148,38.04,38.1293,37.6101,38.12,0.0052742616033754075,,,36.193110000000004,35.918314,,,,,,,,,,,,,,,,,,,,,,,,,,,,,,,,,,,,,,,,
23/09/2025,38.2256,11097,38.39,38.49,38.12,38.2256,0.0027701993704092,,,36.30839,35.895626,,,,,,,,,,,,,,,,,,,,,,,,,,,,,,,,,,,,,,,,
24/09/2025,38.1349,15549,38.73,38.73,38.0434,38.1349,-0.0023727554309153,,,36.40281,35.908124,,,,,,,,,,,,,,,,,,,,,,,,,,,,,,,,,,,,,,,,
25/09/2025,37.85,14655,38.14,38.14,37.562,37.85,-0.0074708469145061,,,36.48881,35.935124,,,,,,,,,,,,,,,,,,,,,,,,,,,,,,,,,,,,,,,,
26/09/2025,38.6,25790,38.34,38.6,37.8871,38.6,0.01981505944517825,,,36.59031,35.981824,,,,,,,,,,,,,,,,,,,,,,,,,,,,,,,,,,,,,,,,
29/09/2025,38.47,31503,39.68,39.78,38.27,38.47,-0.0033678756476684,,,36.68723,36.021424,,,,,,,,,,,,,,,,,,,,,,,,,,,,,,,,,,,,,,,,
30/09/2025,39.14,46565,38.55,39.14,38.4975,39.14,0.0174161684429425,,,36.81473,36.069424,,,,,,,,,,,,,,,,,,,,,,,,,,,,,,,,,,,,,,,,
01/10/2025,25.5051,1176,25.47,25.5051,25.26,25.5051,-0.3483622892181911,,,36.26514,35.843126,,,,,,,,,,,,,,,,,,,,,,,,,,,,,,,,,,,,,,,,
02/10/2025,26.5985,414,26.69,26.69,26.53,26.5985,0.042869857401068856,,,36.166565,35.643296,,,,,,,,,,,,,,,,,,,,,,,,,,,,,,,,,,,,,,,,
03/10/2025,28.1,25727,28.19,28.41,27.845,28.1,0.056450551722841524,,,36.005565000000004,35.480295999999996,,,,,,,,,,,,,,,,,,,,,,,,,,,,,,,,,,,,,,,,
04/10/2025,27.9555,26036,28.86,28.86,27.47,27.9555,-0.0051423487544484114,,,35.67984,35.301806,,,,,,,,,,,,,,,,,,,,,,,,,,,,,,,,,,,,,,,,
06/10/2025,33.87,44607,34.23,34.2899,33.615,33.87,0.2115683854697643,,,35.57034,35.250006000000006,,,,,,,,,,,,,,,,,,,,,,,,,,,,,,,,,,,,,,,,
07/10/2025,35.97,32632,36.14,36.2,35.6742,35.97,0.062001771479185175,,,35.547839999999994,35.234006,,,,,,,,,,,,,,,,,,,,,,,,,,,,,,,,,,,,,,,,
08/10/2025,39.6751,20244,39.5,39.76,39.44,39.6751,0.0080055894308943,,,38.41812,37.137106,,,,,,,,,,,,,,,,,,,,,,,,,,,,,,,,,,,,,,,,
09/10/2025,36.68,24743,36.34,36.8264,36.34,36.68,0.0197386711148179,,,35.43634,35.244606,,,,,,,,,,,,,,,,,,,,,,,,,,,,,,,,,,,,,,,,
10/10/2025,38.025,31926,39.0,39.0,38.0,38.025,0.0366684841875681,,,35.50707,35.281306,,,,,,,,,,,,,,,,,,,,,,,,,,,,,,,,,,,,,,,,
11/10/2025,37.78,14952,37.86,37.94,37.5101,37.78,-0.0064431295200525485,,,35.507095,35.315682,,,,,,,,,,,,,,,,,,,,,,,,,,,,,,,,,,,,,,,,
12/10/2025,36.825,7202,36.46,37.01,36.407,36.825,-0.025277924827951215,,,35.452980000000004,35.331488,,,,,,,,,,,,,,,,,,,,,,,,,,,,,,,,,,,,,,,,
13/10/2025,38.3272,22153,38.33,38.41,38.058,38.3272,0.0407929395790902,,,35.49434,35.584766,,,,,,,,,,,,,,,,,,,,,,,,,,,,,,,,,,,,,,,,
14/10/2025,38.59,17404,38.01,38.7485,37.8,38.59,0.00685674925379387,,,35.53434,35.832334,,,,,,,,,,,,,,,,,,,,,,,,,,,,,,,,,,,,,,,,
15/10/2025,37.84,36952,38.49,38.8,37.69,37.84,-0.019435086810054458,,,35.53034,35.959334000000005,,,,,,,,,,,,,,,,,,,,,,,,,,,,,,,,,,,,,,,,
16/10/2025,37.63,20966,38.28,38.28,37.5732,37.63,-0.00554968287526425,,,35.50584,35.999933999999996,,,,,,,,,,,,,,,,,,,,,,,,,,,,,,,,,,,,,,,,
17/10/2025,37.32,32470,37.61,37.91,37.1,37.32,-0.008238107892638902,,,35.46056,36.024634,,,,,,,,,,,,,,,,,,,,,,,,,,,,,,,,,,,,,,,,
20/10/2025,38.16,8153,38.24,38.34,37.94,38.16,0.022508038585209,,,35.461815,36.053034,,,,,,,,,,,,,,,,,,,,,,,,,,,,,,,,,,,,,,,,
21/10/2025,38.74,27258,38.67,38.85,38.5112,38.74,0.0151991614255766,,,35.506315,36.034332,,,,,,,,,,,,,,,,,,,,,,,,,,,,,,,,,,,,,,,,
22/10/2025,38.3,34358,39.03,39.03,38.09,38.3,-0.0113577697470316,,,35.491315,36.064332,,,,,,,,,,,,,,,,,,,,,,,,,,,,,,,,,,,,,,,,
23/10/2025,39.06,6154,38.78,39.06,38.6701,39.06,0.0198433420365535,,,35.520815000000006,36.118832000000005,,,,,,,,,,,,,,,,,,,,,,,,,,,,,,,,,,,,,,,,
24/10/2025,39.1,16386,39.37,39.39,38.88,39.1,0.0010240655401945,,,35.518815000000004,36.17318,,,,,,,,,,,,,,,,,,,,,,,,,,,,,,,,,,,,,,,,
27/10/2025,39.1942,17846,39.1,39.229,39.0,39.1942,0.0024092071611252,,,36.20327,36.232864,,,,,,,,,,,,,,,,,,,,,,,,,,,,,,,,,,,,,,,,
28/10/2025,39.14,11365,39.59,39.59,39.11,39.14,-0.0013828576677161752,,,36.830345,36.288364,,,,,,,,,,,,,,,,,,,,,,,,,,,,,,,,,,,,,,,,
29/10/2025,38.855,29050,39.0,39.14,38.7891,38.855,-0.00728155339805836,,,37.368095,36.351664,,,,,,,,,,,,,,,,,,,,,,,,,,,,,,,,,,,,,,,,
30/10/2025,38.5715,8115,38.65,39.11,38.5,38.5715,-0.0072963582550507056,,,37.898894999999996,36.408394,,,,,,,,,,,,,,,,,,,,,,,,,,,,,,,,,,,,,,,,
31/10/2025,38.6785,6519,38.8543,38.8543,38.525,38.6785,0.0027740689369093463,,,38.13932,36.463564,,,,,,,,,,,,,,,,,,,,,,,,,,,,,,,,,,,,,,,,
02/11/2025,26.7,3749,26.7,27.23,26.51,26.7,-0.30969401605543134,,,37.67582,36.272634000000004,,,,,,,,,,,,,,,,,,,,,,,,,,,,,,,,,,,,,,,,
03/11/2025,28.27,51931,28.28,28.3375,27.91,28.27,0.05880149812734081,,,37.25532,36.115434,,,,,,,,,,,,,,,,,,,,,,,,,,,,,,,,,,,,,,,,
04/11/2025,28.37,13692,27.54,28.73,27.54,28.37,0.0035373187124161376,,,36.77257,35.951434,,,,,,,,,,,,,,,,,,,,,,,,,,,,,,,,,,,,,,,,
05/11/2025,37.7348,17171,37.65,37.93,37.39,37.7348,-0.0064560294892047,,,38.44431,38.047642,,,,,,,,,,,,,,,,,,,,,,,,,,,,,,,,,,,,,,,,
06/11/2025,33.87,28898,33.92,34.0,33.2818,33.87,0.1938667606626716,,,36.577070000000006,35.898202,,,,,,,,,,,,,,,,,,,,,,,,,,,,,,,,,,,,,,,,
07/11/2025,36.09,54912,35.98,36.19,35.67,36.09,0.0655447298494245,,,36.540319999999994,35.888202,,,,,,,,,,,,,,,,,,,,,,,,,,,,,,,,,,,,,,,,
08/11/2025,35.7845,20822,36.08,36.08,35.7409,35.7845,-0.0084649487392629,,,36.413185000000006,35.873954,,,,,,,,,,,,,,,,,,,,,,,,,,,,,,,,,,,,,,,,
09/11/2025,37.4,25768,37.99,37.99,37.0028,37.4,0.04514524444941248,,,36.353685,36.050554000000005,,,,,,,,,,,,,,,,,,,,,,,,,,,,,,,,,,,,,,,,
10/11/2025,37.78,14952,37.86,37.94,37.5101,37.78,0.0071980805118636,,,38.316715,38.109478,,,,,,,,,,,,,,,,,,,,,,,,,,,,,,,,,,,,,,,,
11/11/2025,37.845,5804,37.78,37.9,37.6446,37.845,0.0118983957219251,,,36.353935,36.181054,,,,,,,,,,,,,,,,,,,,,,,,,,,,,,,,,,,,,,,,
12/11/2025,37.14,10700,36.8,37.26,36.7985,37.14,-0.0186286167261197,,,36.329435,36.234454,,,,,,,,,,,,,,,,,,,,,,,,,,,,,,,,,,,,,,,,
13/11/2025,37.185,14427,37.64,38.002,37.11,37.185,0.001211631663974,,,36.322685,36.256954,,,,,,,,,,,,,,,,,,,,,,,,,,,,,,,,,,,,,,,,
14/11/2025,37.195,7911,37.01,37.3799,37.0,37.195,0.0002689256420598,,,36.274435,36.272454,,,,,,,,,,,,,,,,,,,,,,,,,,,,,,,,,,,,,,,,
17/11/2025,36.8266,17319,37.42,37.505,36.72,36.8266,-0.0099045570641215,,,36.178765,36.230786,,,,,,,,,,,,,,,,,,,,,,,,,,,,,,,,,,,,,,,,
18/11/2025,36.6457,22423,36.8,36.8296,36.41,36.6457,-0.004912210195891,,,36.096050000000005,36.231492,,,,,,,,,,,,,,,,,,,,,,,,,,,,,,,,,,,,,,,,
19/11/2025,36.3166,16589,36.71,36.71,36.1478,36.3166,-0.0089805898099912,,,35.95888000000001,36.202234,,,,,,,,,,,,,,,,,,,,,,,,,,,,,,,,,,,,,,,,
20/11/2025,35.67,28324,36.93,37.18,35.5901,35.67,-0.01780453015976169,,,35.78738,36.157488,,,,,,,,,,,,,,,,,,,,,,,,,,,,,,,,,,,,,,,,
21/11/2025,35.535,53463,35.63,35.735,35.141,35.535,-0.0037846930193441,,,35.60442,36.118188,,,,,,,,,,,,,,,,,,,,,,,,,,,,,,,,,,,,,,,,
24/11/2025,35.3689,27870,35.12,35.51,35.0001,35.3689,-0.0046742648093428,,,35.415865000000004,36.069766,,,,,,,,,,,,,,,,,,,,,,,,,,,,,,,,,,,,,,,,
25/11/2025,35.89,13550,35.4,36.0,35.4,35.89,0.0147332826296548,,,35.267615,36.029166,,,,,,,,,,,,,,,,,,,,,,,,,,,,,,,,,,,,,,,,
26/11/2025,36.1147,10829,36.08,36.2,36.03,36.1147,0.006260796879353547,,,35.144774999999996,35.98906,,,,,,,,,,,,,,,,,,,,,,,,,,,,,,,,,,,,,,,,
28/11/2025,36.3422,8342,36.36,36.4,36.2334,36.3422,0.0062993739391439,,,35.02796,35.951392,,,,,,,,,,,,,,,,,,,,,,,,,,,,,,,,,,,,,,,,
01/12/2025,35.4064,9862,36.32,36.32,35.405,35.4064,-0.0257496794360275,,,36.86581,37.929264,,,,,,,,,,,,,,,,,,,,,,,,,,,,,,,,,,,,,,,,
02/12/2025,26.5151,1428,26.44,26.58,26.44,26.5151,-0.2704046535432637,,,35.018715,35.718996000000004,,,,,,,,,,,,,,,,,,,,,,,,,,,,,,,,,,,,,,,,
03/12/2025,28.72,17995,28.55,29.0062,28.21,28.72,0.08315639013241505,,,35.041215,35.536395999999996,,,,,,,,,,,,,,,,,,,,,,,,,,,,,,,,,,,,,,,,
04/12/2025,36.55,10251,36.54,36.69,36.36,36.55,0.0114231318419799,,,36.56368,37.807698,,,,,,,,,,,,,,,,,,,,,,,,,,,,,,,,,,,,,,,,
05/12/2025,31.325,15197,31.67,31.67,30.97,31.325,0.0907033426183845,,,35.188965,35.390896,,,,,,,,,,,,,,,,,,,,,,,,,,,,,,,,,,,,,,,,
06/12/2025,33.89,13573,33.52,33.9,33.52,33.89,0.0818834796488428,,,35.189965,35.299296,,,,,,,,,,,,,,,,,,,,,,,,,,,,,,,,,,,,,,,,
08/12/2025,36.2954,15694,35.76,36.3599,35.64,36.2954,0.07097668928887568,,,35.200235,35.242404,,,,,,,,,,,,,,,,,,,,,,,,,,,,,,,,,,,,,,,,
09/12/2025,37.36,24746,37.65,37.65,37.28,37.36,0.029331540636003517,,,35.27901,35.479502000000004,,,,,,,,,,,,,,,,,,,,,,,,,,,,,,,,,,,,,,,,
10/12/2025,36.825,7202,36.46,37.01,36.407,36.825,0.0058617223521186,,,36.362185,37.657006,,,,,,,,,,,,,,,,,,,,,,,,,,,,,,,,,,,,,,,,
11/12/2025,37.82,12656,38.13,38.13,37.77,37.82,0.012312633832976427,,,35.30001,35.703932,,,,,,,,,,,,,,,,,,,,,,,,,,,,,,,,,,,,,,,,
12/12/2025,37.28,13052,37.7,37.7,37.28,37.28,-0.014278159703860371,,,35.27175999999999,35.887532,,,,,,,,,,,,,,,,,,,,,,,,,,,,,,,,,,,,,,,,
15/12/2025,37.3243,17130,37.47,37.47,37.17,37.3243,0.0011883047210299313,,,35.280975,36.074908,,,,,,,,,,,,,,,,,,,,,,,,,,,,,,,,,,,,,,,,
16/12/2025,36.9641,27419,36.97,37.1771,36.7701,36.9641,-0.009650549374000339,,,35.26993,36.13679,,,,,,,,,,,,,,,,,,,,,,,,,,,,,,,,,,,,,,,,
17/12/2025,36.6436,6530,37.17,37.17,36.64,36.6436,-0.0086705749632752,,,35.24236,36.150262000000005,,,,,,,,,,,,,,,,,,,,,,,,,,,,,,,,,,,,,,,,
18/12/2025,37.0055,6483,36.75,37.22,36.75,37.0055,0.0098762130358369,,,35.251305,36.156772,,,,,,,,,,,,,,,,,,,,,,,,,,,,,,,,,,,,,,,,
19/12/2025,37.8186,7567,37.5958,37.92,37.5458,37.8186,0.0219724095066951,,,35.30995,36.152644,,,,,,,,,,,,,,,,,,,,,,,,,,,,,,,,,,,,,,,,
22/12/2025,38.3203,19867,37.87,38.4299,37.87,38.3203,0.013265959078337053,,,35.410135,36.16345,,,,,,,,,,,,,,,,,,,,,,,,,,,,,,,,,,,,,,,,
23/12/2025,38.369,15522,38.53,38.53,38.3,38.369,0.001270866877346899,,,35.545085,36.19433,,,,,,,,,,,,,,,,,,,,,,,,,,,,,,,,,,,,,,,,
24/12/2025,38.495,3303,38.405,38.52,38.4,38.495,0.003283901065964656,,,35.693085,36.197686,,,,,,,,,,,,,,,,,,,,,,,,,,,,,,,,,,,,,,,,
26/12/2025,38.45,19022,38.55,38.55,38.33,38.45,-0.0011689829848030575,,,35.84714,36.194886000000004,,,,,,,,,,,,,,,,,,,,,,,,,,,,,,,,,,,,,,,,
29/12/2025,38.1649,24307,38.1,38.26,38.06,38.1649,-0.007414824447334212,,,35.960885000000005,36.201384,,,,,,,,,,,,,,,,,,,,,,,,,,,,,,,,,,,,,,,,
30/12/2025,38.1795,6939,38.16,38.3899,38.07,38.1795,0.0003825504586674,,,36.064125,36.212374,,,,,,,,,,,,,,,,,,,,,,,,,,,,,,,,,,,,,,,,
31/12/2025,38.2467,10107,38.26,38.38,38.07,38.2467,0.001760106863631039,,,36.15935,36.23090800000001,,,,,,,,,,,,,,,,,,,,,,,,,,,,,,,,,,,,,,,,
02/01/2026,39.0321,16120,38.2,39.11,38.2,39.0321,0.0205351049894502,,,37.52545,37.411532,,,,,,,,,,,,,,,,,,,,,,,,,,,,,,,,,,,,,,,,
04/01/2026,40.06,43375,39.19,40.2593,39.19,40.06,0.04741062627625414,,,36.836595,36.268908,,,,,,,,,,,,,,,,,,,,,,,,,,,,,,,,,,,,,,,,
05/01/2026,38.4614,29611,38.64,38.7,38.43,38.4614,-0.0399051422865702,,,37.323665,36.263336,,,,,,,,,,,,,,,,,,,,,,,,,,,,,,,,,,,,,,,,
06/01/2026,39.835,46319,40.47,41.02,39.51,39.835,0.0357137285694229,,,37.749165000000005,36.294036,,,,,,,,,,,,,,,,,,,,,,,,,,,,,,,,,,,,,,,,
07/01/2026,40.8,42694,41.51,41.6,40.68,40.8,0.0001176609012825,,,38.14221,37.521836,,,,,,,,,,,,,,,,,,,,,,,,,,,,,,,,,,,,,,,,
08/01/2026,41.17,58921,41.74,42.0199,40.92,41.17,0.0090686274509805,,,38.37019,37.561352,,,,,,,,,,,,,,,,,,,,,,,,,,,,,,,,,,,,,,,,
09/01/2026,42.0,28945,41.45,42.0,41.341,42.0,0.0201603109059995,,,38.62894,37.618552,,,,,,,,,,,,,,,,,,,,,,,,,,,,,,,,,,,,,,,,
12/01/2026,42.45,97032,42.3,42.45,42.05,42.45,0.0107142857142856,,,38.89444,37.690452,,,,,,,,,,,,,,,,,,,,,,,,,,,,,,,,,,,,,,,,
13/01/2026,42.76,48641,42.57,42.9299,42.49,42.76,0.07342789004644157,,,38.192665,36.368036,,,,,,,,,,,,,,,,,,,,,,,,,,,,,,,,,,,,,,,,
14/01/2026,42.8,35305,42.51,42.8,42.1896,42.8,0.00093545369504211,,,38.517894999999996,36.442036,,,,,,,,,,,,,,,,,,,,,,,,,,,,,,,,,,,,,,,,
15/01/2026,43.06,52302,42.8,43.0799,42.55,43.06,0.006074766355140371,,,38.802895,36.519352000000005,,,,,,,,,,,,,,,,,,,,,,,,,,,,,,,,,,,,,,,,
16/01/2026,43.69,39047,43.48,43.7,43.1836,43.69,0.014630747793775933,,,39.096395,36.610352,,,,,,,,,,,,,,,,,,,,,,,,,,,,,,,,,,,,,,,,
20/01/2026,42.87,89660,43.54,43.54,42.685,42.87,-0.018768596932936643,,,39.375895,36.690652,,,,,,,,,,,,,,,,,,,,,,,,,,,,,,,,,,,,,,,,
21/01/2026,43.18,69844,42.93,43.2599,42.6,43.18,0.007231163984138256,,,39.668679999999995,36.782821999999996,,,,,,,,,,,,,,,,,,,,,,,,,,,,,,,,,,,,,,,,
22/01/2026,42.61,49284,43.19,43.19,42.2528,42.61,-0.0132005558128763,,,39.950975,36.861452,,,,,,,,,,,,,,,,,,,,,,,,,,,,,,,,,,,,,,,,
23/01/2026,42.78,38926,42.75,42.8299,42.53,42.78,0.0039896737854963,,,40.257795,37.183052,,,,,,,,,,,,,,,,,,,,,,,,,,,,,,,,,,,,,,,,
26/01/2026,42.35,38466,42.74,42.74,42.24,42.35,-0.0100514258999532,,,40.52502,37.464652,,,,,,,,,,,,,,,,,,,,,,,,,,,,,,,,,,,,,,,,
27/01/2026,42.94,33017,42.56,42.95,42.2667,42.94,0.0139315230224319,,,40.78109,37.756052,,,,,,,,,,,,,,,,,,,,,,,,,,,,,,,,,,,,,,,,
28/01/2026,42.37,25838,42.58,42.58,42.0844,42.37,-0.0132743362831858,,,40.983575,37.926052,,,,,,,,,,,,,,,,,,,,,,,,,,,,,,,,,,,,,,,,
29/01/2026,42.1518,42853,42.65,42.7999,42.09,42.1518,-0.005149870191172856,,,41.172715,38.047288,,,,,,,,,,,,,,,,,,,,,,,,,,,,,,,,,,,,,,,,
30/01/2026,41.75,16146,42.11,42.2288,41.5,41.75,-0.009532214519901938,,,41.335465,38.166598,,,,,,,,,,,,,,,,,,,,,,,,,,,,,,,,,,,,,,,,
01/02/2026,39.0321,16120,38.2,39.11,38.2,39.0321,-0.06509940119760482,,,41.36457,38.19924,,,,,,,,,,,,,,,,,,,,,,,,,,,,,,,,,,,,,,,,
02/02/2026,41.75,27229,41.93,41.93,41.7,41.75,0.06963243074290126,,,41.543825,38.27734,,,,,,,,,,,,,,,,,,,,,,,,,,,,,,,,,,,,,,,,
03/02/2026,44.22,144493,44.39,44.39,43.53,44.22,0.0591616766467064,,,41.84585,38.41894,,,,,,,,,,,,,,,,,,,,,,,,,,,,,,,,,,,,,,,,
04/02/2026,39.76,7535,39.41,39.88,39.03,39.76,-0.1008593396653098,,,41.921515,38.47044,,,,,,,,,,,,,,,,,,,,,,,,,,,,,,,,,,,,,,,,
05/02/2026,40.56,21238,40.96,41.146,40.38,40.56,-0.010731707317073,,,42.30709,39.392008,,,,,,,,,,,,,,,,,,,,,,,,,,,,,,,,,,,,,,,,
06/02/2026,39.5203,51967,39.63,39.79,39.41,39.5203,-0.0060286720321931,,,41.89453,38.516946,,,,,,,,,,,,,,,,,,,,,,,,,,,,,,,,,,,,,,,,
09/02/2026,42.52,64268,42.19,42.679,42.08,42.52,0.0171032173185026,,,42.36484,39.65333,,,,,,,,,,,,,,,,,,,,,,,,,,,,,,,,,,,,,,,,
10/02/2026,41.89,18100,42.47,42.47,41.7801,41.89,-0.0148165569143933,,,42.33684,39.768836,,,,,,,,,,,,,,,,,,,,,,,,,,,,,,,,,,,,,,,,
11/02/2026,41.58,21196,41.84,42.32,41.455,41.58,-0.0074003342086417,,,42.27784,39.873592,,,,,,,,,,,,,,,,,,,,,,,,,,,,,,,,,,,,,,,,
12/02/2026,41.6291,38356,41.66,42.2999,41.52,41.6291,0.0011808561808561,,,42.219295,39.998046,,,,,,,,,,,,,,,,,,,,,,,,,,,,,,,,,,,,,,,,
13/02/2026,42.48,36489,42.46,42.85,42.26,42.48,0.07489062583026951,,,42.095459999999996,38.630014,,,,,,,,,,,,,,,,,,,,,,,,,,,,,,,,,,,,,,,,
17/02/2026,43.05,38718,42.64,43.1899,42.23,43.05,0.013418079096045199,,,42.256209999999996,38.7581,,,,,,,,,,,,,,,,,,,,,,,,,,,,,,,,,,,,,,,,
18/02/2026,43.51,37183,43.44,43.675,43.22,43.51,0.01068524970963991,,,42.29371,38.901968,,,,,,,,,,,,,,,,,,,,,,,,,,,,,,,,,,,,,,,,
19/02/2026,43.67,26633,43.33,43.68,43.0,43.67,0.0036773155596414586,,,42.33721,39.061968,,,,,,,,,,,,,,,,,,,,,,,,,,,,,,,,,,,,,,,,
20/02/2026,43.7,55253,43.7,44.086,43.44,43.7,0.0006869704602703,,,42.36921,39.225268,,,,,,,,,,,,,,,,,,,,,,,,,,,,,,,,,,,,,,,,
23/02/2026,43.15,20596,43.51,43.51,43.07,43.15,-0.0125858123569795,,,42.34221,39.38089,,,,,,,,,,,,,,,,,,,,,,,,,,,,,,,,,,,,,,,,
24/02/2026,43.39,67738,43.19,43.4199,42.36,43.39,0.0055619930475088,,,42.36821,39.53089,,,,,,,,,,,,,,,,,,,,,,,,,,,,,,,,,,,,,,,,
25/02/2026,43.21,35200,43.72,43.72,42.612,43.21,-0.0041484212952292,,,42.369710000000005,39.672796000000005,,,,,,,,,,,,,,,,,,,,,,,,,,,,,,,,,,,,,,,,
26/02/2026,43.51,15054,43.01,43.5599,42.74,43.51,0.006942837306179,,,42.41471,39.816152,,,,,,,,,,,,,,,,,,,,,,,,,,,,,,,,,,,,,,,,
27/02/2026,43.425,24778,43.33,43.5,43.11,43.425,-0.0019535738910595457,,,42.44696,40.15435,,,,,,,,,,,,,,,,,,,,,,,,,,,,,,,,,,,,,,,,
02/03/2026,41.9,31038,41.75,41.95,41.39,41.9,-0.03511801957397809,,,42.424459999999996,40.41795,,,,,,,,,,,,,,,,,,,,,,,,,,,,,,,,,,,,,,,,
03/03/2026,43.29,73317,44.0,44.0,42.35,43.29,0.0331742243436754,,,42.44196,40.657250000000005,,,,,,,,,,,,,,,,,,,,,,,,,,,,,,,,,,,,,,,,
04/03/2026,43.7,29807,43.5,43.72,42.9,43.7,0.0094710094710095,,,42.764455000000005,41.738444,,,,,,,,,,,,,,,,,,,,,,,,,,,,,,,,,,,,,,,,
05/03/2026,42.35,78560,43.59,43.59,41.69,42.35,-0.0308924485125858,,,42.831955,41.829072,,,,,,,,,,,,,,,,,,,,,,,,,,,,,,,,,,,,,,,,
06/03/2026,38.78,36688,39.31,39.3625,38.71,38.78,-0.10418110418110416,,,42.26246,40.755050000000004,,,,,,,,,,,,,,,,,,,,,,,,,,,,,,,,,,,,,,,,
09/03/2026,42.87,48339,42.18,42.87,41.6701,42.87,0.0025724976613656,,,42.995205,42.007886,,,,,,,,,,,,,,,,,,,,,,,,,,,,,,,,,,,,,,,,
10/03/2026,42.37,31332,42.76,42.9999,42.2901,42.37,-0.0116631677163517,,,42.987705,42.085386,,,,,,,,,,,,,,,,,,,,,,,,,,,,,,,,,,,,,,,,
11/03/2026,42.27,32439,42.01,42.3899,41.9,42.27,-0.0023601604909132,,,43.006705,42.161786,,,,,,,,,,,,,,,,,,,,,,,,,,,,,,,,,,,,,,,,
12/03/2026,41.44,28072,42.11,42.11,41.23,41.44,-0.0196356754199197,,,42.999705,42.227288,,,,,,,,,,,,,,,,,,,,,,,,,,,,,,,,,,,,,,,,
13/03/2026,40.7839,54162,41.48,41.7163,40.51,40.7839,0.0516735430634347,,,42.194065,40.84482,,,,,,,,,,,,,,,,,,,,,,,,,,,,,,,,,,,,,,,,
16/03/2026,41.475,30425,41.08,41.55,40.85,41.475,0.0169454122827881,,,42.180315,40.92712,,,,,,,,,,,,,,,,,,,,,,,,,,,,,,,,,,,,,,,,
17/03/2026,41.3748,29073,41.51,41.56,41.1001,41.3748,-0.0024159132007233,,,42.29745,40.998216,,,,,,,,,,,,,,,,,,,,,,,,,,,,,,,,,,,,,,,,
18/03/2026,41.135,17101,41.34,41.5321,41.135,41.135,-0.0057957984086932,,,42.2667,41.075316,,,,,,,,,,,,,,,,,,,,,,,,,,,,,,,,,,,,,,,,
19/03/2026,40.3757,141073,40.76,40.76,39.7901,40.3757,-0.0184587334386774,,,42.074485,41.136344,,,,,,,,,,,,,,,,,,,,,,,,,,,,,,,,,,,,,,,,
20/03/2026,39.1808,31041,40.31,40.31,38.87,39.1808,-0.0295945333455519,,,42.045525,41.180678,,,,,,,,,,,,,,,,,,,,,,,,,,,,,,,,,,,,,,,,
23/03/2026,39.68,22900,39.51,40.42,39.39,39.68,0.0127409343351845,,,42.05351,41.241406,,,,,,,,,,,,,,,,,,,,,,,,,,,,,,,,,,,,,,,,
24/03/2026,39.1255,15071,38.81,39.3287,38.72,39.1255,-0.0139742943548386,,,41.885785000000006,41.283806000000006,,,,,,,,,,,,,,,,,,,,,,,,,,,,,,,,,,,,,,,,
25/03/2026,39.84,13244,39.47,39.84,39.47,39.84,0.0182617474537067,,,41.725285,41.324234,,,,,,,,,,,,,,,,,,,,,,,,,,,,,,,,,,,,,,,,
26/03/2026,38.755,19178,39.23,39.295,38.6826,38.755,-0.0272339357429719,,,41.487535,41.332928,,,,,,,,,,,,,,,,,,,,,,,,,,,,,,,,,,,,,,,,
27/03/2026,37.865,33026,38.36,38.49,37.8,37.865,-0.02296477873822733,,,41.197285,41.32284799999999,,,,,,,,,,,,,,,,,,,,,,,,,,,,,,,,,,,,,,,,
30/03/2026,37.1506,88738,38.36,38.36,37.0,37.1506,-0.0188670275980458,,,40.869815,41.29596000000001,,,,,,,,,,,,,,,,,,,,,,,,,,,,,,,,,,,,,,,,
31/03/2026,38.5449,37261,38.0,38.646,37.84,38.5449,0.0375310223791809,,,40.63956,41.297858,,,,,,,,,,,,,,,,,,,,,,,,,,,,,,,,,,,,,,,,
01/04/2026,40.06,43375,39.19,40.2593,39.19,40.06,0.0393074051301209,,,40.47031,41.769542,,,,,,,,,,,,,,,,,,,,,,,,,,,,,,,,,,,,,,,,
02/04/2026,41.0,34907,42.31,42.31,40.54,41.0,0.06369454843572053,,,40.52006,41.35456,,,,,,,,,,,,,,,,,,,,,,,,,,,,,,,,,,,,,,,,
03/04/2026,43.7,29807,43.5,43.72,42.9,43.7,0.0658536585365854,,,40.54456,41.46497,,,,,,,,,,,,,,,,,,,,,,,,,,,,,,,,,,,,,,,,
05/04/2026,38.0,27202,38.53,38.69,38.0,38.0,-0.1304347826086956,,,40.26906,41.460036,,,,,,,,,,,,,,,,,,,,,,,,,,,,,,,,,,,,,,,,
06/04/2026,39.595,17243,39.05,39.6249,39.05,39.595,0.0419736842105262,,,40.07756,41.450736,,,,,,,,,,,,,,,,,,,,,,,,,,,,,,,,,,,,,,,,
07/04/2026,39.53,29710,40.01,40.01,39.202,39.53,-0.0154420921544208,,,40.043310000000005,41.586942,,,,,,,,,,,,,,,,,,,,,,,,,,,,,,,,,,,,,,,,
08/04/2026,41.26,36956,40.7,41.34,40.7,41.26,0.0437642296989626,,,39.98781,41.56514200000001,,,,,,,,,,,,,,,,,,,,,,,,,,,,,,,,,,,,,,,,
09/04/2026,41.19,26613,41.34,41.64,41.085,41.19,-0.0016965584100824,,,39.93381,41.530142000000005,,,,,,,,,,,,,,,,,,,,,,,,,,,,,,,,,,,,,,,,
10/04/2026,40.6672,29893,41.25,41.25,40.5,40.6672,-0.0126924010682203,,,39.89517,41.496086,,,,,,,,,,,,,,,,,,,,,,,,,,,,,,,,,,,,,,,,
13/04/2026,41.2,35835,40.91,41.2,40.639,41.2,0.040535421139032746,,,40.04256,41.505508,,,,,,,,,,,,,,,,,,,,,,,,,,,,,,,,,,,,,,,,
14/04/2026,41.575,20124,41.6,41.81,41.46,41.575,0.00910194174757284,,,39.956810000000004,41.540308,,,,,,,,,,,,,,,,,,,,,,,,,,,,,,,,,,,,,,,,
15/04/2026,41.41,13031,41.72,41.72,41.175,41.41,-0.003968731208659149,,,40.08831,41.513307999999995,,,,,,,,,,,,,,,,,,,,,,,,,,,,,,,,,,,,,,,,
16/04/2026,40.78,29748,41.42,41.84,40.49,40.78,-0.015213716493600482,,,40.088115,41.472908,,,,,,,,,,,,,,,,,,,,,,,,,,,,,,,,,,,,,,,,
17/04/2026,41.2722,23168,41.14,42.01,41.14,41.2722,0.012069641981363288,,,40.077974999999995,41.437152,,,,,,,,,,,,,,,,,,,,,,,,,,,,,,,,,,,,,,,,
20/04/2026,40.9811,16493,41.01,41.2419,40.85,40.9811,-0.0070531738070662,,,40.05829,41.382974,,,,,,,,,,,,,,,,,,,,,,,,,,,,,,,,,,,,,,,,
21/04/2026,39.2817,48859,40.84,40.84,39.275,39.2817,-0.04146789617653013,,,39.965625,41.31120799999999,,,,,,,,,,,,,,,,,,,,,,,,,,,,,,,,,,,,,,,,
22/04/2026,38.65,55693,39.37,39.52,38.5301,38.65,-0.0160812795780224,,,39.87934,41.220608,,,,,,,,,,,,,,,,,,,,,,,,,,,,,,,,,,,,,,,,
23/04/2026,38.5138,16885,38.38,39.07,38.0107,38.5138,-0.0035239327296247,,,39.84599,41.138684000000005,,,,,,,,,,,,,,,,,,,,,,,,,,,,,,,,,,,,,,,,
24/04/2026,37.875,47067,38.51,38.51,37.732,37.875,-0.016586262586397726,,,39.75574,41.040583999999996,,,,,,,,,,,,,,,,,,,,,,,,,,,,,,,,,,,,,,,,
27/04/2026,37.942,51702,37.78,38.21,37.7501,37.942,0.0017689768976898446,,,39.696565,40.952424,,,,,,,,,,,,,,,,,,,,,,,,,,,,,,,,,,,,,,,,
28/04/2026,37.8578,25588,37.89,37.92,37.53,37.8578,-0.00221917663802651,,,39.597455000000004,40.85078,,,,,,,,,,,,,,,,,,,,,,,,,,,,,,,,,,,,,,,,
29/04/2026,37.44,38354,37.89,37.898,37.3218,37.44,-0.011036034846187537,,,39.531705,40.752179999999996,,,,,,,,,,,,,,,,,,,,,,,,,,,,,,,,,,,,,,,,
30/04/2026,38.64,26361,37.75,38.64,37.75,38.64,0.03205128205128216,,,39.570455,40.681944,,,,,,,,,,,,,,,,,,,,,,,,,,,,,,,,,,,,,,,,
01/05/2026,40.38,34779,39.78,40.4,39.605,40.38,0.045031055900621,,,39.731925,40.654544,,,,,,,,,,,,,,,,,,,,,,,,,,,,,,,,,,,,,,,,
02/05/2026,40.56,21238,40.96,41.146,40.38,40.56,0.0044576523031203,,,39.83268,40.685102,,,,,,,,,,,,,,,,,,,,,,,,,,,,,,,,,,,,,,,,
03/05/2026,42.35,78560,43.59,43.59,41.69,42.35,0.0441321499013807,,,39.90018,40.697102,,,,,,,,,,,,,,,,,,,,,,,,,,,,,,,,,,,,,,,,
04/05/2026,38.0,27202,38.53,38.69,38.0,38.0,-0.0119964431871953,,,39.62636,40.594768,,,,,,,,,,,,,,,,,,,,,,,,,,,,,,,,,,,,,,,,
05/05/2026,38.2372,20593,38.32,38.5,38.1473,38.2372,-0.0971145218417945,,,39.62704,40.577446,,,,,,,,,,,,,,,,,,,,,,,,,,,,,,,,,,,,,,,,
06/05/2026,38.98,46107,39.6,39.7,38.875,38.98,0.0194261086062785,,,39.67604,40.561846,,,,,,,,,,,,,,,,,,,,,,,,,,,,,,,,,,,,,,,,
07/05/2026,39.1933,23019,39.8,39.97,39.17,39.1933,-0.0164792973651192,,,39.391385,40.345378,,,,,,,,,,,,,,,,,,,,,,,,,,,,,,,,,,,,,,,,
08/05/2026,39.1533,36836,39.13,39.356,39.0101,39.1533,-0.0010205825995769,,,39.31569,40.258244,,,,,,,,,,,,,,,,,,,,,,,,,,,,,,,,,,,,,,,,
11/05/2026,39.37,36402,38.81,39.4928,38.63,39.37,0.0055346548055974,,,39.22419000000001,40.177144000000006,,,,,,,,,,,,,,,,,,,,,,,,,,,,,,,,,,,,,,,,
12/05/2026,39.1204,45259,38.83,39.1204,38.5501,39.1204,-0.0063398526797053,,,39.10146,40.075152,,,,,,,,,,,,,,,,,,,,,,,,,,,,,,,,,,,,,,,,
13/05/2026,39.1974,87681,39.05,39.43,38.53,39.1974,0.00557721908671116,,,39.65616,40.555388,,,,,,,,,,,,,,,,,,,,,,,,,,,,,,,,,,,,,,,,
14/05/2026,38.76,36561,39.32,39.32,38.6467,38.76,-0.01115890339665393,,,39.53416,40.480987999999996,,,,,,,,,,,,,,,,,,,,,,,,,,,,,,,,,,,,,,,,
15/05/2026,37.575,30776,38.14,38.2553,37.575,37.575,-0.030572755417956565,,,39.33416,40.371488,,,,,,,,,,,,,,,,,,,,,,,,,,,,,,,,,,,,,,,,
18/05/2026,38.35,38538,37.83,38.35,37.83,38.35,0.020625415834996552,,,39.18116,40.268288000000005,,,,,,,,,,,,,,,,,,,,,,,,,,,,,,,,,,,,,,,,
19/05/2026,38.0113,25711,38.62,38.63,37.91,38.0113,-0.0088318122555411,,,39.042725,40.155114,,,,,,,,,,,,,,,,,,,,,,,,,,,,,,,,,,,,,,,,
20/05/2026,38.8549,29781,38.26,38.9442,38.14,38.8549,0.0221934003835702,,,38.92186,40.058212,,,,,,,,,,,,,,,,,,,,,,,,,,,,,,,,,,,,,,,,
21/05/2026,38.875,36229,38.53,39.05,38.53,38.875,0.0005173092711601,,,38.816555,39.972712,,,,,,,,,,,,,,,,,,,,,,,,,,,,,,,,,,,,,,,,
22/05/2026,39.32,25737,39.06,39.4499,39.05,39.32,0.0114469453376206,,,38.818470000000005,39.891312,,,,,,,,,,,,,,,,,,,,,,,,,,,,,,,,,,,,,,,,
26/05/2026,39.9536,30392,39.6,40.065,39.6,39.9536,0.016113936927772,,,38.88365,39.826184,,,,,,,,,,,,,,,,,,,,,,,,,,,,,,,,,,,,,,,,
27/05/2026,40.0819,33340,40.41,40.41,39.8701,40.0819,0.003211225021024333,,,38.962055,39.757622,,,,,,,,,,,,,,,,,,,,,,,,,,,,,,,,,,,,,,,,
28/05/2026,40.9,64359,40.18,41.05,39.96,40.9,0.0204107090731726,,,39.113305,39.707122,,,,,,,,,,,,,,,,,,,,,,,,,,,,,,,,,,,,,,,,
29/05/2026,40.89,66967,40.92,41.17,40.49,40.89,-0.000244498777506,,,39.260705,39.686922,,,,,,,,,,,,,,,,,,,,,,,,,,,,,,,,,,,,,,,,
01/06/2026,40.7952,28185,40.54,40.86,40.39,40.7952,-0.0023184152604548425,,,39.407574999999994,39.637026,,,,,,,,,,,,,,,,,,,,,,,,,,,,,,,,,,,,,,,,
02/06/2026,41.805,21198,40.71,41.87,40.71,41.805,0.0247529121073066,,,39.625825000000006,39.697526,,,,,,,,,,,,,,,,,,,,,,,,,,,,,,,,,,,,,,,,
03/06/2026,42.76,39826,41.85,42.98,41.85,42.76,0.0228441573974405,,,39.831825,39.737048,,,,,,,,,,,,,,,,,,,,,,,,,,,,,,,,,,,,,,,,
04/06/2026,40.15,31734,39.86,40.15,39.58,40.15,-0.0610383536014966,,,39.820325,39.710548,,,,,,,,,,,,,,,,,,,,,,,,,,,,,,,,,,,,,,,,
05/06/2026,39.85,26566,39.02,39.85,39.02,39.85,-0.0074719800747197,,,39.784825,39.680052,,,,,,,,,,,,,,,,,,,,,,,,,,,,,,,,,,,,,,,,
15/06/2026,40.4123,83418,40.28,40.62,40.2137,40.4123,0.0141104140526975,,,39.68794,39.665598,,,,,,,,,,,,,,,,,,,,,,,,,,,,,,,,,,,,,,,,
16/06/2026,40.8085,58138,40.45,41.02,40.31,40.8085,0.009803945828374072,,,39.816505,39.674254,,,,,,,,,,,,,,,,,,,,,,,,,,,,,,,,,,,,,,,,
17/06/2026,40.882,34533,40.66,41.54,40.66,40.882,0.0018010953600351431,,,39.911605,39.708278,,,,,,,,,,,,,,,,,,,,,,,,,,,,,,,,,,,,,,,,
01/07/2026,40.8,42694,41.51,41.6,40.68,40.8,-0.002005772711706877,,,39.991735,39.730678000000005,,,,,,,,,,,,,,,,,,,,,,,,,,,,,,,,,,,,,,,,
04/07/2026,39.53,29710,40.01,40.01,39.202,39.53,-0.031127450980392046,,,40.030235000000005,39.738768,,,,,,,,,,,,,,,,,,,,,,,,,,,,,,,,,,,,,,,,
05/07/2026,39.1933,23019,39.8,39.97,39.17,39.1933,-0.008517581583607381,,,40.111149999999995,39.725834,,,,,,,,,,,,,,,,,,,,,,,,,,,,,,,,,,,,,,,,
01/08/2026,41.17,58921,41.74,42.0199,40.92,41.17,0.050434640614594795,,,40.25215,39.774134,,,,,,,,,,,,,,,,,,,,,,,,,,,,,,,,,,,,,,,,
04/08/2026,41.26,36956,40.7,41.34,40.7,41.26,0.0021860578090842075,,,40.414585,39.842034,,,,,,,,,,,,,,,,,,,,,,,,,,,,,,,,,,,,,,,,
05/08/2026,39.1533,36836,39.13,39.356,39.0101,39.1533,-0.0510591371788656,,,40.085175,39.715444000000005,,,,,,,,,,,,,,,,,,,,,,,,,,,,,,,,,,,,,,,,
06/08/2026,38.85,17829,39.58,39.58,38.76,38.85,-0.0077464734773313,,,40.110175,39.717344,,,,,,,,,,,,,,,,,,,,,,,,,,,,,,,,,,,,,,,,
01/09/2026,42.0,28945,41.45,42.0,41.341,42.0,0.0810810810810811,,,40.30961,39.800044,,,,,,,,,,,,,,,,,,,,,,,,,,,,,,,,,,,,,,,,
02/09/2026,42.52,64268,42.19,42.679,42.08,42.52,0.0123809523809523,,,40.492865,39.907432,,,,,,,,,,,,,,,,,,,,,,,,,,,,,,,,,,,,,,,,
03/09/2026,42.87,48339,42.18,42.87,41.6701,42.87,0.008231420507996079,,,40.82998,39.981989999999996,,,,,,,,,,,,,,,,,,,,,,,,,,,,,,,,,,,,,,,,
04/09/2026,41.19,26613,41.34,41.64,41.085,41.19,-0.039188243526941946,,,40.84448,40.01389,,,,,,,,,,,,,,,,,,,,,,,,,,,,,,,,,,,,,,,,
06/09/2026,39.1188,31868,39.44,39.53,38.4,39.1188,-0.050284049526584,,,40.744375,39.90611,,,,,,,,,,,,,,,,,,,,,,,,,,,,,,,,,,,,,,,,
02/10/2026,41.89,18100,42.47,42.47,41.7801,41.89,0.0169944161204176,,,40.938115,40.077932,,,,,,,,,,,,,,,,,,,,,,,,,,,,,,,,,,,,,,,,
03/10/2026,42.37,31332,42.76,42.9999,42.2901,42.37,0.0114585820004773,,,40.90828,40.03941,,,,,,,,,,,,,,,,,,,,,,,,,,,,,,,,,,,,,,,,
04/10/2026,40.6672,29893,41.25,41.25,40.5,40.6672,-0.040188812839273,,,40.89713999999999,40.028754,,,,,,,,,,,,,,,,,,,,,,,,,,,,,,,,,,,,,,,,
06/10/2026,38.4477,24857,39.17,39.17,38.4477,38.4477,-0.054577153086517005,,,40.649155,39.93902,,,,,,,,,,,,,,,,,,,,,,,,,,,,,,,,,,,,,,,,
02/11/2026,41.58,21196,41.84,42.32,41.455,41.58,0.0814691125867086,,,40.768515,39.969608,,,,,,,,,,,,,,,,,,,,,,,,,,,,,,,,,,,,,,,,
03/11/2026,42.27,32439,42.01,42.3899,41.9,42.27,0.016594516594516717,,,40.828540000000004,40.010764,,,,,,,,,,,,,,,,,,,,,,,,,,,,,,,,,,,,,,,,
05/11/2026,39.37,36402,38.81,39.4928,38.63,39.37,-0.0686065767683937,,,40.705015,39.961364,,,,,,,,,,,,,,,,,,,,,,,,,,,,,,,,,,,,,,,,
06/11/2026,40.1703,42254,38.56,40.19,38.56,40.1703,0.0203276606553213,,,40.72103,39.945148,,,,,,,,,,,,,,,,,,,,,,,,,,,,,,,,,,,,,,,,
01/12/2026,42.45,97032,42.3,42.45,42.05,42.45,0.05675088311513754,,,40.80353,40.149794,,,,,,,,,,,,,,,,,,,,,,,,,,,,,,,,,,,,,,,,
02/12/2026,41.6291,38356,41.66,42.2999,41.52,41.6291,-0.019338044758539508,,,40.908485,40.223535999999996,,,,,,,,,,,,,,,,,,,,,,,,,,,,,,,,,,,,,,,,
03/12/2026,41.44,28072,42.11,42.11,41.23,41.44,-0.004542495513955469,,,41.02082,40.29518,,,,,,,,,,,,,,,,,,,,,,,,,,,,,,,,,,,,,,,,
05/12/2026,39.1204,45259,38.83,39.1204,38.5501,39.1204,-0.055974903474903526,,,40.91834,40.328788,,,,,,,,,,,,,,,,,,,,,,,,,,,,,,,,,,,,,,,,
06/12/2026,39.81,16896,40.11,40.11,39.795,39.81,0.017627631619308692,,,40.845839999999995,40.352188,,,,,,,,,,,,,,,,,,,,,,,,,,,,,,,,,,,,,,,,
