Date,Close/Last,Volume,Open,High,Low,Close,daily_return,MA_20,MA_50
11/01/2023,25.832,4243.0,25.8284,26.017,25.718,25.832,,25.832,25.832
12/01/2023,27.54,1588.0,27.23,27.54,27.23,27.54,0.06611954165376277,26.686,26.686
10/02/2023,24.1913,58.0,24.1913,24.1913,24.1913,24.1913,-0.1215940450254176,25.854433333333333,25.854433333333333
11/02/2023,26.4189,6558.0,26.22,26.52,26.22,26.4189,0.09208269088473964,25.99555,25.99555
10/03/2023,23.9611,252.0,23.96,23.9611,23.96,23.9611,-0.09303188247807448,25.588659999999997,25.588659999999997
11/03/2023,26.63,2970.0,26.64,26.89,26.6194,26.63,0.11138470270563539,25.762216666666664,25.762216666666664
10/04/2023,23.71,393.0,23.71,23.71,23.71,23.71,-0.10965076980848665,25.469042857142856,25.469042857142856
12/04/2023,27.4773,2305.0,27.31,27.5,27.31,27.4773,0.1588907633909742,25.720075,25.720075
10/05/2023,23.7,14.0,23.7,23.7,23.7,23.7,-0.13746983873961416,25.495622222222224,25.495622222222224
12/05/2023,27.2803,2461.0,27.3727,27.45,27.2803,27.2803,0.1510675105485233,25.67409,25.67409
10/06/2023,23.8975,260.0,23.875,23.8975,23.875,23.8975,-0.12400156889770275,25.51258181818182,25.51258181818182
11/06/2023,26.5344,4989.0,26.75,26.75,26.43,26.5344,0.11034208599225859,25.597733333333334,25.597733333333334
12/06/2023,27.1553,2885.0,27.3,27.36,27.1553,27.1553,0.023399813072841225,25.717546153846154,25.717546153846154
11/07/2023,26.4666,5375.0,26.46,26.56,26.4205,26.4666,-0.025361531634708556,25.77105,25.77105
12/07/2023,26.93,3741.0,27.0271,27.0499,26.93,26.93,0.01750886022382936,25.848313333333333,25.848313333333333
11/08/2023,26.3399,2045.0,26.6,26.6,26.3399,26.3399,-0.02191236539175634,25.8790375,25.8790375
12/08/2023,27.141,2473.0,27.07,27.1887,27.07,27.141,0.030413934752979266,25.953270588235295,25.953270588235295
10/09/2023,25.3693,7915.0,24.6,25.3693,24.6,25.3693,-0.06527762425850192,25.920827777777777,25.920827777777777
11/09/2023,26.1923,1944.0,26.385,26.44,26.1923,26.1923,0.03244078472799794,25.935115789473684,25.935115789473684
13/09/2023,24.739,,24.739,24.739,24.739,24.739,-0.05548577253620335,25.875310000000002,25.875310000000002
14/09/2023,24.8895,358.0,24.74,24.8895,24.74,24.8895,0.006083511863858693,25.828185,25.828366666666668
15/09/2023,24.853,63.0,24.853,24.853,24.853,24.853,-0.0014664818497760468,25.693835,25.784031818181816
18/09/2023,25.0578,345.0,25.11,25.11,25.0578,25.0578,0.008240453868748165,25.73716,25.75245652173913
19/09/2023,24.895,587.0,25.005,25.01,24.895,24.895,-0.006496978984587676,25.660964999999997,25.716729166666667
20/09/2023,24.73,331.0,24.755,24.755,24.73,24.73,-0.006627836915043095,25.69941,25.67726
21/09/2023,24.3482,443.0,24.58,24.58,24.3482,24.3482,-0.015438738374444094,25.58532,25.62614230769231
22/09/2023,24.0969,148.0,24.15,24.15,24.0969,24.0969,-0.01032109149752336,25.604665,25.569503703703706
25/09/2023,24.0887,505.0,23.99,24.0887,23.99,24.0887,-0.0003402927347502249,25.435235,25.516617857142855
26/09/2023,23.9668,801.0,24.0,24.0,23.9668,23.9668,-0.005060464035003931,25.448574999999998,25.463175862068965
27/09/2023,24.1812,7.0,24.1812,24.1812,24.1812,24.1812,0.008945708229717741,25.293619999999997,25.42044333333333
28/09/2023,24.45,458.0,24.29,24.45,24.29,24.45,0.011116073643987923,25.321244999999998,25.38913870967742
29/09/2023,24.3305,270.0,24.42,24.42,24.3305,24.3305,-0.0048875255623721525,25.21105,25.35605625
10/10/2023,25.4615,6462.0,25.64,25.64,25.4501,25.4615,0.04648486467602386,25.12636,25.359251515151513
11/10/2023,26.6093,2527.0,26.37,26.67,26.37,26.6093,0.04507982640457153,25.133495000000003,25.396017647058823
13/10/2023,25.8734,10439.0,25.95,26.0,25.8,25.8734,-0.027655744420183925,25.080665000000003,25.409657142857142
16/10/2023,25.9087,5220.0,25.99,26.02,25.75,25.9087,0.0013643355724410888,25.059105,25.423519444444445
17/10/2023,25.8932,7055.0,25.72,26.13,25.72,25.8932,-0.0005982546403331401,24.996715000000002,25.436213513513515
18/10/2023,25.7548,8725.0,26.16,26.16,25.7548,25.7548,-0.005345032672670835,25.01599,25.444597368421054
19/10/2023,25.5274,3634.0,25.66,25.669,25.5274,25.5274,-0.008829422088309724,24.982745,25.446720512820512
20/10/2023,25.31,5416.0,25.58,25.82,25.31,25.31,-0.008516339306000709,25.011295,25.443302499999998
23/10/2023,25.2777,1377.0,25.26,25.4501,25.26,25.2777,-0.001276175424733239,25.030705,25.439263414634148
24/10/2023,25.4571,5522.0,25.58,25.62,25.425,25.4571,0.007097164694572777,25.06091,25.439688095238093
25/10/2023,25.545,4665.0,25.58,25.9099,25.545,25.545,0.0034528677657708062,25.08527,25.442137209302324
26/10/2023,25.4348,10386.0,25.57,25.585,25.3847,25.4348,-0.004313955764337574,25.11226,25.441970454545455
27/10/2023,25.0933,7550.0,25.33,25.44,25.03,25.0933,-0.0134264865459921,25.130425000000002,25.43422222222222
30/10/2023,25.3343,3237.0,25.3237,25.38,25.2491,25.3343,0.009604157285012294,25.17973,25.43205
31/10/2023,25.5759,2834.0,25.35,25.68,25.35,25.5759,0.009536478213331367,25.25368,25.43511063829787
10/11/2023,25.7468,5638.0,25.65,25.82,25.645,25.7468,0.006682071794150035,25.336585,25.441604166666664
12/11/2023,27.2678,3819.0,27.13,27.3,27.13,27.2678,0.05907530256187177,25.501635,25.478873469387754
13/11/2023,26.8213,2817.0,26.64,26.97,26.63,26.8213,-0.016374625015586175,25.633640000000003,25.505722000000002
14/11/2023,27.0065,3306.0,26.91,27.0065,26.91,27.0065,0.006904959863988536,25.761464999999998,25.529211999999998
15/11/2023,26.8696,1668.0,26.99,26.99,26.8696,26.8696,-0.00506915001943975,25.888420000000004,25.515804
16/11/2023,26.712,1638.0,26.89,26.89,26.6932,26.712,-0.0058653645755797346,25.950945,25.566218
17/11/2023,26.9158,3618.0,26.89,27.1899,26.8175,26.9158,0.007629529799341173,25.966269999999998,25.576156
20/11/2023,27.1736,4082.0,27.02,27.2283,26.92,27.1736,0.00957801737269559,26.03128,25.640406000000002
21/11/2023,27.1163,4345.0,27.24,27.37,27.0593,27.1163,-0.0021086642918126675,26.09166,25.650132
22/11/2023,27.1198,1362.0,27.1729,27.1729,27.0514,27.1198,0.0001290736568042572,26.15299,25.718327999999996
24/11/2023,27.2901,4774.0,27.224,27.51,27.2196,27.2901,0.006279544834401296,26.229755,25.714584
27/11/2023,26.99,4073.0,27.11,27.11,26.99,26.99,-0.010996661793104434,26.302884999999996,25.780384000000005
28/11/2023,27.0699,1914.0,27.03,27.2,27.0299,27.0699,0.0029603556872916936,26.39088,25.776176
29/11/2023,26.9591,1978.0,27.16,27.16,26.9591,26.9591,-0.004093107104200633,26.47495,25.837408
30/11/2023,27.0591,1099.0,27.01,27.1,26.95,27.0591,0.0037093226405926494,26.55505,25.847901999999998
10/12/2023,25.698,21631.0,25.92,25.92,25.57,25.698,-0.05030100779405078,26.5627,25.818756000000004
12/12/2023,27.4,2486.0,27.24,27.45,27.175,27.4,0.06623083508444227,26.66096,25.837424000000002
13/12/2023,27.7891,4014.0,27.3617,27.8005,27.3617,27.7891,0.014200729927007494,26.795749999999998,25.854606
14/12/2023,27.4273,3358.0,27.53,27.55,27.39,27.4273,-0.013019493254549541,26.9004,25.876354000000003
15/12/2023,27.327,2001.0,27.52,27.52,27.25,27.327,-0.003656940347755655,26.987955,25.880074
18/12/2023,27.4528,3550.0,27.45,27.55,27.4,27.4528,0.004603505690342846,27.073255,25.921744
19/12/2023,27.6646,8476.0,27.6,27.84,27.6,27.6646,0.007715060030306642,27.093094999999998,25.95119
20/12/2023,27.4315,4124.0,27.63,27.73,27.4315,27.4315,-0.008425930611684285,27.123605000000005,26.005039999999997
21/12/2023,27.635,2274.0,27.68,27.68,27.5707,27.635,0.007418478756174629,27.15503,26.05995
22/12/2023,27.716,8537.0,27.72,27.84,27.325,27.716,0.0029310656775827226,27.19735,26.11721
26/12/2023,27.8314,5495.0,28.01,28.07,27.69,27.8314,0.004163659979794954,27.253319999999995,26.172682
27/12/2023,27.8754,7229.0,27.9,28.14,27.8741,27.8754,0.0015809481377149215,27.301299999999998,26.232290000000003
28/12/2023,27.8985,10814.0,27.98,28.0,27.8062,27.8985,0.0008286876600873683,27.337545,26.29566
29/12/2023,27.8574,15554.0,28.0,28.0,27.7701,27.8574,-0.0014731974837356443,27.374599999999997,26.365843999999996
02/01/2024,28.3812,10768.0,28.31,28.399,28.15,28.3812,0.018802903357815204,27.437670000000004,26.451529999999998
03/01/2024,31.26,41071.0,31.41,31.4687,31.24,31.26,0.10143334319901909,27.636165,26.594955999999996
04/01/2024,33.12,21600.0,33.29,33.29,33.04,33.12,0.05950095969289815,27.942664999999998,26.77802
05/01/2024,32.7796,36095.0,32.97,33.0096,32.65,32.7796,-0.010277777777777608,28.22815,26.949987999999998
07/01/2024,32.95,82586.0,33.4,33.4,32.85,32.95,0.005198355074497618,28.527695,27.119988
08/01/2024,35.11,97669.0,35.96,35.96,34.81,35.11,0.06555386949924125,28.930240000000005,27.335578
10/01/2024,37.93,306333.0,37.24,38.0,37.085,37.93,0.08031899743662785,29.541839999999997,27.584948
11/01/2024,37.46,62585.0,37.65,37.7556,37.4011,37.46,-0.012391247034009956,30.04484,27.801962
16/01/2024,28.2888,30990.0,28.89,28.89,28.25,28.2888,-0.24482648158035247,30.069825,27.850270000000002
17/01/2024,28.286,12616.0,28.25,28.3917,28.16,28.286,-9.897910126965836e-05,30.112759999999998,27.897816000000002
18/01/2024,28.48,7404.0,28.28,28.48,28.0926,28.48,0.006858516580640517,30.170409999999997,27.949552000000004
19/01/2024,28.329,40429.0,28.49,28.49,28.2,28.329,-0.005301966292134863,30.21422,28.001036
22/01/2024,28.46,31263.0,28.44,28.591,28.42,28.46,0.004624236647957858,30.253989999999998,28.059688
23/01/2024,28.267,20822.0,28.46,28.54,28.21,28.267,-0.006781447645818783,30.295765,28.118828000000004
24/01/2024,28.3592,14284.0,28.43,28.6591,28.35,28.3592,0.0032617539887502822,30.331975,28.180457999999998
25/01/2024,28.2,19607.0,28.41,28.41,28.061,28.2,-0.0056136985528506544,30.356174999999997,28.235316
26/01/2024,28.26,9726.0,28.18,28.282,28.1,28.26,0.0021276595744681437,30.377605,28.289616000000002
29/01/2024,28.3546,26150.0,28.26,28.3546,28.2,28.3546,0.003347487615003475,30.401564999999998,28.348011999999997
30/01/2024,28.41,5891.0,28.43,28.46,28.3,28.41,0.0019538275976385133,30.42714,28.414346000000002
31/01/2024,28.15,5632.0,28.42,28.44,28.15,28.15,-0.00915170714537139,30.44177,28.470660000000002
01/02/2024,27.8457,4792.0,27.89,28.07,27.8123,27.8457,-0.010809946714031904,30.414994999999998,28.516056
02/02/2024,28.3551,14060.0,28.29,28.365,28.055,28.3551,0.01829366832221857,30.26975,28.568222000000002
04/02/2024,33.0367,17634.0,33.09,33.15,32.74,33.0367,0.1651061008425294,30.265584999999998,28.683600000000002
05/02/2024,32.77,60847.0,32.99,33.19,32.52,32.77,-0.00807284020498411,30.265105,28.802574
07/02/2024,32.9,2317804.0,32.74,32.91,32.7,32.9,0.003967043027158779,30.262605,28.920444000000003
08/02/2024,34.68,271694.0,34.82,34.905,34.37,34.68,0.05410334346504553,30.241104999999997,29.076652
10/02/2024,38.07,400292.0,38.22,38.23,37.955,38.07,0.09775086505190322,30.248105000000002,29.303812000000004
12/02/2024,39.05,181215.0,39.33,39.48,38.9201,39.05,0.0257420541108484,30.327605,29.546496
13/02/2024,29.28,109503.0,29.36,29.5,29.17,29.28,-0.250192061459667,30.377164999999998,29.588624
14/02/2024,29.89,7729.0,29.75,29.9899,29.75,29.89,0.02083333333333326,30.457365,29.644098
15/02/2024,30.2714,24043.0,30.12,30.29,30.05,30.2714,0.012760120441619227,30.546935,29.707130000000003
16/02/2024,30.25,26009.0,30.21,30.45,30.21,30.25,-0.00070693790178189,30.642985000000003,29.766327999999998
20/02/2024,30.35,19441.0,30.81,30.81,30.32,30.35,0.0033057851239670644,30.737485,29.833527999999998
21/02/2024,30.38,10656.0,30.29,30.4456,30.15,30.38,0.0009884678747940079,30.843134999999997,29.899729999999998
22/02/2024,30.52,15207.0,30.51,30.535,30.4,30.52,0.004608294930875667,30.951175,29.970948
23/02/2024,30.62,54466.0,30.53,30.75,30.53,30.62,0.00327653997378774,31.072175000000005,30.042166
26/02/2024,30.96,11875.0,30.86,31.0955,30.86,30.96,0.011103853690398457,31.207175,30.147405999999997
27/02/2024,30.97,26788.0,30.98,31.02,30.855,30.97,0.0003229974160205984,31.337945,30.218806
28/02/2024,31.17,19699.0,31.12,31.32,31.1199,31.17,0.006457862447529994,31.475944999999996,30.286424
29/02/2024,31.2564,11000.0,31.35,31.36,31.1,31.2564,0.0027718960538978266,31.631265000000003,30.363006
01/03/2024,27.9,4552.0,28.01,28.22,27.9,27.9,-0.10738280800092148,31.63398,30.374466
04/03/2024,33.0261,25871.0,32.94,33.06,32.81,33.0261,0.1837311827956989,31.86753,30.485932
05/03/2024,33.07,92670.0,33.1,33.42,32.87,33.07,0.0013292517130389925,31.869195,30.59404
06/03/2024,34.08,49276.0,34.32,34.32,33.96,34.08,0.03054127608104018,31.934695000000005,30.72701
07/03/2024,33.2,123440.0,33.16,33.27,33.0801,33.2,-0.025821596244131273,31.949695,30.83831
09/03/2024,36.37,189052.0,37.03,37.03,36.1,36.37,0.09548192771084318,32.034195,31.011389999999995
10/03/2024,38.02,204692.0,37.99,38.13,37.8229,38.02,0.04536706076436636,32.031695,31.215162
12/03/2024,39.3,776070.0,39.25,39.3,39.09,39.3,0.03366649132035748,32.044195,31.443654000000002
13/03/2024,31.83,37982.0,31.67,31.839,31.5537,31.83,-0.19007633587786255,32.171695,31.522284
14/03/2024,31.75,54708.0,32.0,32.035,31.63,31.75,-0.002513352183474704,32.264695,31.600136000000003
15/03/2024,31.74,12720.0,31.71,31.89,31.65,31.74,-0.0003149606299213126,32.338125,31.667312000000003
18/03/2024,31.93,30849.0,32.01,32.06,31.88,31.93,0.005986137366099653,32.422125,31.680712000000003
19/03/2024,32.31,20398.0,32.0,32.36,32.0,32.31,0.01190103351080496,32.520125,31.664512
20/03/2024,32.5893,32670.0,32.29,32.6599,32.29,32.5893,0.008644382544104046,32.63059,31.660706
21/03/2024,32.61,25041.0,32.74,32.85,32.6,32.61,0.0006351778037576583,32.73509,31.653906000000003
22/03/2024,32.82,52557.0,32.76,32.8805,32.69,32.82,0.0064397424103035394,32.84509,31.608106
25/03/2024,32.95,121405.0,32.8,33.02,32.8,32.95,0.0039609993906155605,32.94459,31.508506
26/03/2024,33.06,21376.0,33.16,33.2,33.04,33.06,0.0033383915022762167,33.04909,31.420506
27/03/2024,33.3,31801.0,33.12,33.3088,33.12,33.3,0.007259528130671322,33.155590000000004,31.52073
28/03/2024,33.197,28452.0,33.18,33.2899,33.1519,33.197,-0.0030930930930929135,33.25261999999999,31.618949999999998
01/04/2024,28.13,10125.0,28.04,28.31,28.04,28.13,-0.15263427418140207,33.26412,31.611949999999997
03/04/2024,31.68,25090.0,31.3,31.765,31.3,31.68,0.12619978670458587,33.196815,31.67897
04/04/2024,33.04,29600.0,33.25,33.29,33.0351,33.04,0.04292929292929282,33.195315,31.77057
06/04/2024,33.9175,56707.0,34.02,34.02,33.7759,33.9175,0.026558716707021812,33.18719,31.88358
09/04/2024,36.5,89099.0,36.39,36.6,36.28,36.5,0.07614063536522453,33.35219,32.046396
10/04/2024,38.33,110261.0,38.22,38.33,38.0,38.33,0.05013698630136987,33.45019,32.248996
11/04/2024,37.24,111486.0,37.38,37.41,37.1036,37.24,-0.028437255413514162,33.41119,32.428596
12/04/2024,39.5,150954.0,39.37,39.5114,39.18,39.5,0.06068743286788392,33.421189999999996,32.651504
15/04/2024,32.38,86555.0,32.98,32.9808,32.33,32.38,-0.18025316455696194,33.44869,32.730904
16/04/2024,32.14,141489.0,32.38,32.38,32.08,32.14,-0.0074119827053737986,33.46819000000001,32.810704
17/04/2024,32.1354,28555.0,32.33,32.33,31.81,32.1354,-0.0001431238332296747,33.48796,32.896498
18/04/2024,31.84,26955.0,32.15,32.15,31.6,31.84,-0.009192354848546969,33.483459999999994,32.966196
19/04/2024,32.13,78928.0,32.02,32.25,32.02,32.13,0.009108040201005085,33.47446,32.948062
22/04/2024,32.26,40520.0,32.25,32.4,32.1365,32.26,0.004046062869592193,33.457995,32.937862
23/04/2024,32.75,31799.0,32.59,32.9,32.59,32.75,0.015189088654680827,33.464995,32.934861999999995
24/04/2024,32.74,32832.0,32.89,33.05,32.56,32.74,-0.0003053435114502845,33.460995,32.896062
25/04/2024,32.679,26879.0,32.29,32.7631,32.23,32.679,-0.0018631643249846785,33.447445,32.788242
26/04/2024,32.9849,39009.0,32.67,33.065,32.67,32.9849,0.009360751552985214,33.44369,32.66694
29/04/2024,33.29,56292.0,33.11,33.33,33.075,33.29,0.009249686977980787,33.44319,32.74714
30/04/2024,32.7806,33967.0,33.21,33.21,32.76,32.7806,-0.015301892460198196,33.42237,32.804952
01/05/2024,27.896,11246.0,28.02,28.02,27.8177,27.896,-0.14900886499942034,33.410669999999996,32.757444
02/05/2024,28.23,12118.0,28.31,28.31,28.01,28.23,0.011973042730140548,33.23817,32.717044
03/05/2024,31.76,43998.0,31.79,32.0593,31.7,31.76,0.1250442791356714,33.17417,32.745244
04/05/2024,33.17,25235.0,33.01,33.2283,32.9,33.17,0.044395465994962136,33.136795,32.801044000000005
06/05/2024,33.98,119702.0,34.06,34.27,33.805,33.98,0.024419656315948002,33.010795,32.870244
07/05/2024,33.17,50312.0,33.35,33.35,33.04,33.17,-0.023837551500882737,32.752795000000006,32.921243999999994
08/05/2024,34.2,203182.0,34.32,34.38,33.6231,34.2,0.031052155562255157,32.600795000000005,32.986044
09/05/2024,36.24,91011.0,36.45,36.46,36.02,36.24,0.05964912280701751,32.43779500000001,33.091444
11/05/2024,38.51,129946.0,38.01,38.51,37.9261,38.51,0.06263796909492259,32.74429500000001,33.238244
12/05/2024,39.21,219318.0,39.34,39.36,39.1,39.21,0.018177096857959096,33.097795,33.397316000000004
13/05/2024,33.33,56813.0,33.78,33.78,33.325,33.33,-0.14996174445294574,33.15752500000001,33.505916
14/05/2024,33.35,93586.0,33.36,33.55,33.3,33.35,0.0006000600060007688,33.233025000000005,33.512394
15/05/2024,33.595,1447938.0,33.5,33.6693,33.4206,33.595,0.007346326836581651,33.306275,33.522893999999994
16/05/2024,33.7015,1451999.0,33.7,33.86,33.611,33.7015,0.003170114600387075,33.37835,33.515324
17/05/2024,33.714,27123.0,33.64,33.74,33.6,33.714,0.0003709033722534283,33.426550000000006,33.525604
20/05/2024,33.9665,32158.0,33.9,34.0199,33.7801,33.9665,0.007489470249748109,33.487875,33.477534
21/05/2024,34.03,1114737.0,33.96,34.13,33.95,34.03,0.001869489055392748,33.555425,33.397734
22/05/2024,33.81,67965.0,33.96,34.04,33.745,33.81,-0.006464883925947684,33.596680000000006,33.287934
23/05/2024,33.83,89451.0,34.2,34.2,33.7601,33.83,0.0005915409642116565,33.62368,33.327934
24/05/2024,34.02,26702.0,33.87,34.08,33.8401,34.02,0.005616316878510386,33.685649999999995,33.373334
28/05/2024,33.76,76891.0,34.18,34.22,33.7346,33.76,-0.007642563198118957,33.97885000000001,33.413734
29/05/2024,33.24,538080.0,33.51,33.51,33.23,33.24,-0.015402843601895588,34.22935,33.439934
30/05/2024,33.51,49435.0,33.4,33.58,33.3,33.51,0.008122743682310363,34.31685,33.463934
31/05/2024,34.09,36304.0,33.8,34.09,33.7,34.09,0.017308266189197452,34.362849999999995,33.493948
02/06/2024,28.9,16283.0,28.39,28.9,28.39,28.9,-0.15224405984159595,34.10885,33.419748
03/06/2024,32.17,40011.0,32.02,32.41,32.0,32.17,0.11314878892733571,34.05885,33.406748
05/06/2024,33.5,34485.0,33.41,33.5058,33.3301,33.5,0.04134286602424608,34.023849999999996,33.417748
06/06/2024,34.0,454030.0,34.06,34.12,33.98,34.0,0.014925373134328401,33.91185,33.436548
08/06/2024,34.34,185369.0,34.46,34.68,34.19,34.34,0.010000000000000009,33.70335,33.457348
09/06/2024,35.7,100382.0,36.26,36.3167,35.62,35.7,0.03960396039603964,33.52785,33.507408
11/06/2024,39.61,494934.0,39.7,39.7,39.135,39.61,0.10952380952380936,33.84185,33.737008
12/06/2024,39.0,192269.0,39.23,39.27,38.96,39.0,-0.01540015147689977,34.12435,33.883408
13/06/2024,33.24,80709.0,33.56,33.63,33.1401,33.24,-0.14769230769230768,34.1066,33.887408
14/06/2024,32.67,58099.0,32.82,32.82,32.42,32.67,-0.017148014440433235,34.055025,33.862458000000004
17/06/2024,33.23,95209.0,32.86,33.23,32.67,33.23,0.01714110805019886,34.030825,33.797058
18/06/2024,33.48,59709.0,33.23,33.5,33.2,33.48,0.007523322299127333,34.0065,33.700058000000006
20/06/2024,33.67,246443.0,33.65,33.72,33.4524,33.67,0.005675029868578374,33.9885,33.628658
21/06/2024,33.3,78908.0,33.66,33.66,33.16,33.3,-0.010989010989011172,33.963,33.504658000000006
24/06/2024,33.53,83684.0,33.51,33.9,33.51,33.53,0.006906906906906984,33.948,33.527658
25/06/2024,33.3183,64806.0,33.36,33.36,33.18,33.3183,-0.006313748881598635,33.912915000000005,33.551224
26/06/2024,33.1,49142.0,33.23,33.23,33.02,33.1,-0.006551954931674153,33.879915,33.570516000000005
27/06/2024,33.04,101958.0,33.12,33.15,32.93,33.04,-0.0018126888217523396,33.869915000000006,33.594516000000006
28/06/2024,33.13,64972.0,33.34,33.3476,32.96,33.13,0.0027239709443100946,33.850915,33.614516
02/07/2024,28.99,18119.0,28.9,29.0589,28.83,28.99,-0.12496226984606107,33.595915000000005,33.549116
03/07/2024,32.12,37558.0,32.38,32.65,32.11,32.12,0.10796826491893752,33.756915,33.536516
05/07/2024,33.09,32322.0,33.36,33.5,33.07,33.09,0.03019925280199276,33.802915,33.543516
06/07/2024,33.9869,93833.0,34.15,34.17,33.97,33.9869,0.027104865518283283,33.82726,33.569674
08/07/2024,34.55,204670.0,35.0,35.04,34.4,34.55,0.016568148315968756,33.85476,33.600976
10/07/2024,38.11,158356.0,38.29,38.29,38.0,38.11,0.10303907380607824,34.04326,33.697376
11/07/2024,40.15,268489.0,40.18,40.23,39.935,40.15,0.05352925741275261,34.26576,33.844764
15/07/2024,34.16,123400.0,34.23,34.29,33.73,34.16,-0.14919053549190542,33.99326,33.970044
16/07/2024,34.6772,78254.0,34.11,34.68,34.02,34.6772,0.015140515222482609,33.777120000000004,34.098988
17/07/2024,34.38,57613.0,34.62,34.7,34.3,34.38,-0.008570472817874486,33.83412,34.151388000000004
18/07/2024,34.34,73746.0,34.47,34.64,34.26,34.34,-0.0011634671320535084,33.91762,34.174788
19/07/2024,34.07,44786.0,34.3,34.3,34.0,34.07,-0.007862550960978543,33.95962,34.176587999999995
22/07/2024,34.32,69045.0,34.27,34.32,34.0111,34.32,0.007337833871441157,34.00162,34.199588000000006
23/07/2024,34.61,64263.0,34.37,34.84,34.25,34.61,0.0084498834498834,34.04862,34.207788
24/07/2024,34.2,82766.0,34.74,34.74,34.195,34.2,-0.011846287200231065,34.09362,34.166988
25/07/2024,34.55,89885.0,34.49,34.84,34.01,34.55,0.010233918128654818,34.144619999999996,34.087788
26/07/2024,34.93,138815.0,34.98,35.16,34.74,34.93,0.010998552821997132,34.225205,34.002188000000004
29/07/2024,35.01,135885.0,35.17,35.17,34.91,35.01,0.00229029487546506,34.320705,34.035788000000004
30/07/2024,35.17,73696.0,35.23,35.24,35.0,35.17,0.004570122822050937,34.427205,34.072188
31/07/2024,35.46,112410.0,35.41,35.63,35.2,35.46,0.0082456639181121,34.543705,34.109488
01/08/2024,28.07,8057.0,27.94,28.07,27.8799,28.07,-0.2084038353073886,34.497705,33.996858
02/08/2024,28.995,5736.0,28.995,29.08,28.876,28.995,0.03295333095831854,34.341455,33.902478
03/08/2024,31.9,29037.0,32.47,32.47,31.87,31.9,0.10018968787722016,34.281954999999996,33.861148
04/08/2024,33.5,19502.0,33.37,33.5827,33.37,33.5,0.050156739811912265,34.25761,33.850548
05/08/2024,33.25,17036.0,33.15,33.26,33.14,33.25,-0.007462686567164201,34.19261,33.839348
07/08/2024,33.3298,65690.0,33.39,33.48,33.25,33.3298,0.0023999999999999577,33.9536,33.829344
08/08/2024,35.26,208480.0,34.86,35.31,34.695,35.26,0.057912138686700754,33.7091,33.854144
10/08/2024,38.33,438186.0,38.34,38.4099,38.16,38.33,0.08706749858196261,33.91760000000001,33.945544
11/08/2024,40.77,315397.0,40.13,40.7899,40.13,40.77,0.06365770936603199,34.22224,34.096144
13/08/2024,36.0,156557.0,35.8,36.0,35.67,36.0,-0.11699779249448128,34.30324,34.145944
14/08/2024,36.44,224220.0,36.24,36.49,36.0,36.44,0.012222222222222134,34.40824,34.192944000000004
15/08/2024,36.67,111290.0,36.63,36.72,36.4531,36.67,0.006311745334796948,34.53824,34.348344000000004
16/08/2024,36.75,105471.0,36.58,36.79,36.5,36.75,0.0021816198527406794,34.65974,34.439944
19/08/2024,36.75,159345.0,36.67,36.75,36.53,36.75,0.0,34.766740000000006,34.504944
20/08/2024,36.47,121571.0,36.61,36.61,36.3,36.47,-0.007619047619047636,34.88024,34.55434399999999
21/08/2024,36.49,135659.0,36.49,36.55,36.318,36.49,0.0005483959418701723,34.97724,34.597344
22/08/2024,36.4,129888.0,36.52,36.5599,36.2913,36.4,-0.0024664291586736775,35.050740000000005,34.611344
23/08/2024,36.61,114817.0,36.51,36.7199,36.4,36.61,0.005769230769230749,35.130739999999996,34.551344
26/08/2024,36.47,124362.0,36.63,36.65,36.4201,36.47,-0.003824091778202643,35.19574,34.500744
27/08/2024,36.65,118512.0,36.55,36.69,36.4001,36.65,0.004935563476830218,35.25524,34.568944
28/08/2024,36.93,248296.0,36.82,37.0999,36.7305,36.93,0.00763983628922249,35.69824,34.654144
29/08/2024,37.26,1597622.0,37.23,37.5099,37.0301,37.26,0.008935824532900094,36.111489999999996,34.734744
30/08/2024,37.39,131716.0,37.34,37.44,37.06,37.39,0.0034889962426194465,36.38599,34.812943999999995
01/09/2024,27.931,7181.0,28.02,28.03,27.91,27.931,-0.2529820807702594,36.10754,34.698164
02/09/2024,29.239,7412.0,29.14,29.2799,29.09,29.239,0.046829687444058576,35.90698999999999,34.616944
04/09/2024,32.54,49750.0,33.13,33.13,32.35,32.54,0.11289715790553712,35.8675,34.597144
05/09/2024,33.5025,121004.0,33.29,33.55,33.29,33.5025,0.02957897971727097,35.779624999999996,34.600828
07/09/2024,33.2,78673.0,33.38,33.51,33.2,33.2,-0.009029176927094817,35.523125,34.602828
08/09/2024,35.56,117338.0,35.32,35.6135,35.29,35.56,0.07108433734939767,35.262625,34.653228
09/09/2024,36.42,109730.0,36.05,36.5,36.0139,36.42,0.024184476940382504,35.283625,34.719028
10/09/2024,38.55,124538.0,38.26,38.59,38.2,38.55,0.05848434925864887,35.389125,34.910228000000004
12/09/2024,38.16,253054.0,38.93,38.93,38.08,38.16,-0.010116731517509692,35.46362499999999,35.031028
13/09/2024,36.92,180645.0,36.71,36.9822,36.7059,36.92,-0.032494758909853094,35.472125,35.107628
16/09/2024,37.09,85730.0,37.09,37.24,36.85,37.09,0.004604550379198269,35.489124999999994,35.169689999999996
17/09/2024,36.41,105422.0,36.56,36.56,36.21,36.41,-0.018333782690752365,35.486125,35.20689
18/09/2024,36.45,87633.0,36.5,36.7899,36.43,36.45,0.0010985992859107174,35.484125,35.17369
19/09/2024,36.97,110541.0,37.03,37.04,36.6501,36.97,0.014266117969821579,35.512625,35.11009
20/09/2024,36.98,75246.0,36.8,36.99,36.65,36.98,0.000270489586150946,35.531125,35.16649
23/09/2024,37.0,362505.0,37.0,37.43,36.855,37.0,0.0005408328826392861,35.557625,35.212946
24/09/2024,37.17,176355.0,37.46,37.46,37.01,37.17,0.004594594594594659,35.583625,35.26874599999999
25/09/2024,36.98,945868.0,37.26,37.3492,36.9,36.98,-0.005111649179445954,35.586124999999996,35.321546
26/09/2024,37.06,168071.0,37.19,37.19,36.8801,37.06,0.0021633315305571443,35.576125000000005,35.381346
27/09/2024,37.19,148465.0,37.14,37.24,37.0601,37.19,0.0035078251484079725,35.566125,35.438745999999995
30/09/2024,37.23,164763.0,37.05,37.24,36.93,37.23,0.0010755579456842579,36.031075,35.491146
01/10/2024,28.1082,2905.0,28.1046,28.1799,28.0961,28.1082,-0.24501208702659139,35.974535,35.36931
04/10/2024,32.24,14827.0,32.06,32.3493,32.06,32.24,0.14699625020456675,35.959535,35.32311
05/10/2024,33.61,71588.0,33.65,33.67,33.5099,33.61,0.04249379652605456,35.96491,35.29671
06/10/2024,33.89,148304.0,34.0,34.01,33.81,33.89,0.00833085391252597,35.99941,35.27431
07/10/2024,33.67,54755.0,33.37,33.67,33.37,33.67,-0.006491590439657635,35.90491,35.24431
09/10/2024,36.34,609564.0,36.54,36.54,36.0901,36.34,0.07929907929907931,35.900909999999996,35.26191
10/10/2024,37.85,925828.0,38.18,38.18,37.7,37.85,0.04155200880572374,35.86591,35.45751
12/10/2024,38.02,183155.0,38.17,38.2092,37.97,38.02,0.004491413474240424,35.85891,35.63801
14/10/2024,38.42,1884054.0,38.24,38.49,38.21,38.42,0.010520778537611797,35.93391,35.768409999999996
15/10/2024,38.26,113460.0,38.75,38.75,38.23,38.26,-0.004164497657470179,35.99241,35.86361
16/10/2024,38.74,630339.0,38.53,38.7533,38.35,38.74,0.01254573967590189,36.108909999999995,35.97341
17/10/2024,38.82,111821.0,38.96,39.0,38.71,38.82,0.0020650490449147796,36.227410000000006,36.083214
18/10/2024,38.99,93674.0,38.91,38.99,38.7114,38.99,0.0043791859866049165,36.328410000000005,36.157814
21/10/2024,38.93,545833.0,39.05,39.15,38.7,38.93,-0.0015388561169531467,36.42591,36.169814
22/10/2024,38.64,123441.0,39.05,39.05,38.5,38.64,-0.007449267916773694,36.507909999999995,36.127214
23/10/2024,38.33,100191.0,38.51,38.575,38.19,38.33,-0.008022774327122173,36.56591,36.173814
24/10/2024,38.41,480321.0,38.58,38.67,38.3391,38.41,0.0020871380120008887,36.63741,36.213214
25/10/2024,38.33,272488.0,38.55,38.5988,38.2,38.33,-0.0020827909398594135,36.70091,36.246414
28/10/2024,38.45,490954.0,38.63,38.72,38.33,38.45,0.003130707018001777,36.763909999999996,36.28041399999999
29/10/2024,38.36,107583.0,38.51,38.51,38.295,38.36,-0.0023407022106632924,36.820409999999995,36.312613999999996
30/10/2024,38.32,389385.0,38.27,38.61,38.1378,38.32,-0.0010427528675703845,37.331,36.349614
31/10/2024,37.32,179974.0,37.95,37.96,37.23,37.32,-0.02609603340292277,37.584999999999994,36.366214
01/11/2024,28.19,5139.0,28.46,28.46,27.9914,28.19,-0.24464094319399787,37.314,36.202014
03/11/2024,31.66,21338.0,31.85,31.9,31.625,31.66,0.12309329549485626,37.2025,36.103014
04/11/2024,32.48,28336.0,32.45,32.59,32.2397,32.48,0.02590018951358175,37.143,36.023214
06/11/2024,33.5,42494.0,33.81,33.97,33.3,33.5,0.03140394088669951,37.001,35.960214
07/11/2024,33.88,50620.0,33.76,33.89,33.67,33.88,0.011343283582089692,36.802499999999995,35.899214
09/11/2024,36.28,73920.0,36.21,36.28,35.64,36.28,0.0708382526564344,36.7155,35.879614
10/11/2024,38.22,151579.0,37.82,38.22,37.8,38.22,0.05347298787210586,36.7055,35.896214
11/11/2024,41.48,449203.0,41.38,41.68,41.27,41.48,0.08529565672422801,36.8665,36.167194
12/11/2024,38.14,290933.0,38.38,38.459,37.82,38.14,-0.08052073288331718,36.8365,36.345214
13/11/2024,40.85,299009.0,41.19,41.3499,40.78,40.85,0.07105401153644464,36.938,36.511414
14/11/2024,39.29,344468.0,41.0,41.0,39.1724,39.29,-0.03818849449204409,36.952999999999996,36.627164
15/11/2024,39.24,202396.0,39.19,39.485,39.0,39.24,-0.0012725884448968605,36.9685,36.747963999999996
18/11/2024,38.96,239135.0,39.31,39.31,38.7601,38.96,-0.007135575942915473,36.984500000000004,36.815964
19/11/2024,39.3,367938.0,39.13,39.3085,39.0,39.3,0.008726899383983522,37.033,36.873563999999995
20/11/2024,39.18,216010.0,39.25,39.47,38.68,39.18,-0.003053435114503733,37.0715,36.886164
21/11/2024,39.41,264395.0,39.25,39.6,39.09,39.41,0.005870342011230045,37.1255,36.91116400000001
22/11/2024,39.75,310122.0,39.4,39.7668,39.34,39.75,0.008627251966506044,37.1905,36.967764
25/11/2024,39.02,322216.0,39.84,39.85,38.9001,39.02,-0.01836477987421381,37.2235,37.006364000000005
26/11/2024,39.23,343268.0,38.93,39.28,38.89,39.23,0.005381855458739038,37.269,37.062764
27/11/2024,39.23,237085.0,39.35,39.51,39.13,39.23,0.0,37.36450000000001,37.118364
29/11/2024,39.32,180760.0,39.2,39.35,39.1045,39.32,0.002294162630639862,37.921,37.165364
01/12/2024,28.67,52188.0,28.5,28.78,28.18,28.67,-0.27085452695829093,37.7715,36.999164
02/12/2024,29.51,14151.0,29.3,29.62,29.3,29.51,0.029298918730380263,37.623000000000005,36.849364
03/12/2024,31.5734,24770.0,31.65,31.6799,31.41,31.5734,0.06992206031853598,37.52667,36.737432000000005
04/12/2024,32.36,57573.0,32.48,32.7199,32.32,32.36,0.02491337644979641,37.45067,36.645032
06/12/2024,33.59,42070.0,33.82,33.82,33.5543,33.59,0.03800988875154521,37.31617,36.575632
07/12/2024,33.875,51666.0,33.93,34.07,33.875,33.875,0.008484668055968925,37.09892,36.509332
08/12/2024,35.65,201902.0,35.72,35.76,35.542,35.65,0.05239852398523981,36.80742,36.477732
09/12/2024,36.65,131349.0,36.3,36.65,36.17,36.65,0.028050490883590573,36.73292,36.648568
11/12/2024,41.15,325437.0,41.37,41.49,40.87,41.15,0.12278308321964526,36.74792,36.826767999999994
12/12/2024,38.09,175700.0,38.16,38.2446,38.0,38.09,-0.0743620899149452,36.687920000000005,36.916368000000006
13/12/2024,38.2,201410.0,38.12,38.2699,38.0,38.2,0.0028878970858492448,36.63592,37.002568
16/12/2024,38.53,211978.0,38.16,38.53,38.16,38.53,0.00863874345549731,36.61442,37.099768000000005
17/12/2024,37.94,256370.0,38.15,38.15,37.88,37.94,-0.015312743316896027,36.54642,37.131767999999994
18/12/2024,36.95,1592759.0,38.03,38.18,36.86,36.95,-0.026093832366894998,36.43492,37.113768
19/12/2024,37.22,450196.0,37.35,37.65,37.12,37.22,0.007307171853856431,36.325419999999994,37.097768
20/12/2024,37.75,219807.0,36.96,37.83,36.72,37.75,0.014239656098871567,36.22542,37.084368
23/12/2024,37.89,1581208.0,38.03,38.0602,37.54,37.89,0.0037086092715232777,36.16892,37.076968
24/12/2024,38.12,75778.0,37.96,38.12,37.8156,38.12,0.006070203219846748,36.11342,37.064568
26/12/2024,38.25,97970.0,38.12,38.356,37.99,38.25,0.0034102833158446977,36.06442,37.053168
27/12/2024,37.88,149308.0,38.08,38.0968,37.64,37.88,-0.009673202614378984,35.99242,37.030968
30/12/2024,37.47,144382.0,37.47,37.6899,37.1909,37.47,-0.010823653643083464,36.43241999999999,37.001768
31/12/2024,37.41,161709.0,37.61,37.6199,37.24,37.41,-0.0016012810248199338,36.827420000000004,36.977168
04/01/2025,47.17,1106739.0,46.94,47.3,46.7,47.17,0.2608928094092491,37.60725,37.153968
05/01/2025,51.92,581016.0,52.27,52.3,51.715,51.92,0.10069959720161115,38.585249999999995,37.424168
07/01/2025,58.88,1488114.0,59.57,59.57,58.4765,58.88,0.13405238828967647,39.84975,37.835167999999996
08/01/2025,60.88,1089469.0,60.71,61.0958,59.86,60.88,0.033967391304347894,41.2,38.283768
10/01/2025,70.22,1883337.0,69.66,70.34,69.288,70.22,0.15341655716162927,42.9285,38.920967999999995
12/01/2025,60.74,809369.0,61.67,61.755,60.71,60.74,-0.13500427228709766,44.132999999999996,39.369368
13/01/2025,37.74,169528.0,37.0,37.74,36.93,37.74,-0.37866315442871257,43.9625,39.377768
14/01/2025,38.11,252752.0,38.09,38.2,37.87,38.11,0.009803921568627416,43.963499999999996,39.576168
15/01/2025,38.48,226648.0,38.6,38.61,38.2,38.48,0.009708737864077666,43.977500000000006,39.712568000000005
16/01/2025,38.92,405344.0,38.63,38.93,38.5,38.92,0.011434511434511574,43.997,39.841367999999996
17/01/2025,39.06,196718.0,38.99,39.14,38.75,39.06,0.003597122302158251,44.053000000000004,39.952568
21/01/2025,40.24,493344.0,39.59,40.26,39.44,40.24,0.030209933435739966,44.2175,40.079768
22/01/2025,40.22,489451.0,40.41,40.41,40.04,40.22,-0.0004970178926442248,44.3675,40.158568
23/01/2025,40.25,309186.0,40.33,40.365,39.81,40.25,0.0007458975634013765,44.4925,40.199168
24/01/2025,40.15,164854.0,40.4,40.4,40.1001,40.15,-0.00248447204968949,44.6055,40.172568
27/01/2025,39.66,163648.0,39.94,40.0,39.5052,39.66,-0.012204234122042412,44.6825,40.202968
28/01/2025,39.43,1628925.0,39.85,39.85,39.25,39.43,-0.005799293998991373,44.7415,40.174568
29/01/2025,39.0,240769.0,39.22,39.45,38.89,39.0,-0.010905401978189233,44.7975,40.168768
30/01/2025,39.48,153451.0,39.18,39.51,39.04,39.48,0.01230769230769213,44.898,40.173568
31/01/2025,39.61,283520.0,39.63,39.98,39.38,39.61,0.0032928064842958626,45.007999999999996,40.186568
01/02/2025,37.3,189358.0,37.64,37.69,37.1,37.3,-0.05831860641252218,44.5145,40.146568
04/02/2025,47.22,511247.0,46.46,47.39,46.3,47.22,0.2659517426273459,44.2795,40.307368000000004
05/02/2025,53.33,814529.0,53.0,53.7796,52.91,53.33,0.12939432443879717,44.002,40.585768
06/02/2025,57.38,1496874.0,57.4,57.49,56.69,57.38,0.07594224639039959,43.827000000000005,40.938368
07/02/2025,58.86,1089207.0,58.32,58.87,58.08,58.86,0.025792959219240075,43.259,41.335168
09/02/2025,62.52,718745.0,61.99,62.58,61.8007,62.52,0.06218144750254839,43.348,41.800968000000005
10/02/2025,70.81,1604003.0,70.76,70.92,70.29,70.81,0.132597568777991,45.0015,42.432568
12/02/2025,61.39,707309.0,61.035,61.78,61.03,61.39,-0.1330320576189804,46.165499999999994,42.873968000000005
13/02/2025,40.84,268648.0,41.23,41.23,40.69,40.84,-0.3347450724873757,46.2835,43.117368000000006
14/02/2025,41.0,438665.0,41.41,41.45,40.75,41.0,0.003917727717923425,46.3875,43.347168
18/02/2025,42.97,465852.0,43.04,43.09,42.7298,42.97,0.04804878048780492,46.583,43.5751
19/02/2025,42.46,612995.0,43.03,43.23,42.2762,42.46,-0.01186874563649054,46.694,43.7771
20/02/2025,41.9,417452.0,41.89,42.02,41.1,41.9,-0.013188883655204986,46.778000000000006,43.9433
21/02/2025,41.34,155983.0,41.9,42.06,41.2,41.34,-0.013365155131264794,46.8325,44.092600000000004
24/02/2025,41.38,270740.0,41.77,41.8199,41.18,41.38,0.0009675858732463016,46.894,44.20719999999999
25/02/2025,42.04,324058.0,41.8,42.08,41.5325,42.04,0.01594973417109702,47.013,44.315
26/02/2025,42.02,322597.0,42.06,42.2768,41.82,42.02,-0.0004757373929590303,47.1425,44.3324
27/02/2025,42.07,401814.0,42.4,42.5389,41.82,42.07,0.0011899095668728155,47.29600000000001,44.412
28/02/2025,42.25,448669.0,41.84,42.25,41.4407,42.25,0.004278583313525042,47.4345,44.493
01/03/2025,37.77,411134.0,37.45,37.9,37.34,37.77,-0.10603550295857977,47.3425,44.477799999999995
02/03/2025,39.48,207099.0,39.09,39.65,38.75,39.48,0.045274027005559825,47.4515,44.508599999999994
03/03/2025,44.58,1030290.0,44.63,44.8,44.165,44.58,0.12917933130699089,47.3195,44.6612
04/03/2025,47.3,972767.0,47.17,48.14,47.17,47.3,0.06101390758187519,47.018,44.86280000000001
06/03/2025,58.03,975751.0,57.625,58.1,57.4622,58.03,0.22684989429175495,47.0505,45.2684
07/03/2025,59.1,753713.0,58.88,59.2668,58.7366,59.1,0.01843873858349121,47.0625,45.6926
09/03/2025,62.34,517632.0,62.8,62.8,62.1,62.34,0.0548223350253807,47.0535,46.177
10/03/2025,70.55,1724568.0,71.08,71.1399,70.3302,70.55,0.1316971446904074,47.0405,46.823
11/03/2025,68.79,894514.0,68.72,68.86,68.13,68.79,-0.02494684620836274,47.4105,47.4412
12/03/2025,62.47,677170.0,61.85,62.495,61.48,62.47,-0.0918738188690218,48.492000000000004,47.9412
13/03/2025,46.19,1431209.0,45.78,46.295,45.7201,46.19,-0.26060509044341285,48.7515,48.11679999999999
14/03/2025,47.77,695470.0,47.27,47.8698,47.08,47.77,0.03420653821173425,48.9915,48.1288
17/03/2025,48.34,755649.0,48.07,48.4492,48.0168,48.34,0.01193217500523347,49.2855,48.0572
18/03/2025,48.7,864801.0,48.65,48.795,48.0101,48.7,0.007447248655357841,49.6255,47.8536
19/03/2025,48.49,622968.0,48.09,48.6,47.91,48.49,-0.004312114989733051,49.983000000000004,47.6058
20/03/2025,47.25,651414.0,47.26,47.5598,47.05,47.25,-0.025572282944937186,50.2765,47.1464
21/03/2025,46.62,581534.0,46.63,46.88,46.2532,46.62,-0.01333333333333342,50.5055,46.864
24/03/2025,47.66,445176.0,47.29,47.68,47.16,47.66,0.022308022308022313,50.7875,47.0624
25/03/2025,47.89,418276.0,47.65,47.9767,47.58,47.89,0.004825849769198642,51.0785,47.258
26/03/2025,47.55,654941.0,48.0,48.1889,47.405,47.55,-0.007099603257465059,51.34349999999999,47.4394
27/03/2025,47.52,418246.0,47.48,47.8699,47.3,47.52,-0.0006309148264983522,51.830999999999996,47.611399999999996
28/03/2025,46.53,427994.0,47.0,47.0625,46.3,46.53,-0.02083333333333337,52.1835,47.760799999999996
31/03/2025,46.55,431705.0,45.97,46.7,45.77,46.55,0.00042983021706421987,52.282000000000004,47.887
02/04/2025,40.67,1852620.0,40.59,40.8296,40.44,40.67,-0.12631578947368416,51.9505,47.895999999999994
03/04/2025,45.51,1045351.0,44.17,45.8674,43.9167,45.51,0.11900663880009832,51.3245,48.0012
04/04/2025,43.64,1477798.0,46.05,46.05,43.64,43.64,-0.04108987035816303,50.5515,48.071
06/04/2025,57.99,837959.0,57.8,58.24,57.495,57.99,0.328826764436297,50.334,48.4376
08/04/2025,61.96,795173.0,61.5,61.9699,61.29,61.96,0.06846007932402132,49.9045,48.888200000000005
09/04/2025,62.0,466779.0,61.99,62.115,61.48,62.0,0.0006455777921239303,49.565000000000005,49.348200000000006
11/04/2025,67.31,725623.0,67.09,67.89,66.77,67.31,0.08564516129032262,49.807,49.9048
12/04/2025,63.14,773901.0,62.44,63.39,62.28,63.14,-0.061952161640172365,50.6545,50.3754
14/04/2025,50.17,851567.0,50.35,50.48,49.75,50.17,-0.20541653468482735,50.7745,50.6328
15/04/2025,50.71,827186.0,50.51,50.915,50.4,50.71,0.010763404424955159,50.893,50.702600000000004
16/04/2025,50.49,1556149.0,50.69,50.93,50.15,50.49,-0.00433839479392617,50.9825,50.6458
17/04/2025,50.59,688338.0,50.47,50.88,50.08,50.59,0.001980590215884259,51.0875,50.51
21/04/2025,49.97,520982.0,50.5,50.74,49.5,49.97,-0.01225538644000801,51.2235,50.33219999999999
22/04/2025,49.46,778996.0,49.65,49.81,49.0601,49.46,-0.010206123674204481,51.3655,50.071
23/04/2025,49.28,545616.0,49.34,49.9391,49.05,49.28,-0.003639304488475492,51.4465,49.6404
24/04/2025,50.23,733059.0,49.28,50.2492,49.16,50.23,0.01927759740259738,51.5635,49.4172
25/04/2025,50.62,382379.0,49.93,50.67,49.76,50.62,0.007764284292255619,51.717,49.6128
28/04/2025,50.87,496871.0,50.73,50.93,50.1501,50.87,0.0049387593836427435,51.8845,49.810199999999995
29/04/2025,51.54,888597.0,51.0,51.7,50.89,51.54,0.013170827599764179,52.135000000000005,49.9816
30/04/2025,51.85,765268.0,51.35,51.9687,50.91,51.85,0.006014745828482715,52.4,50.169399999999996
02/05/2025,40.62,408886.0,40.89,40.952,40.46,40.62,-0.21658630665380918,52.3975,50.1438
03/05/2025,46.6,956526.0,45.26,46.63,45.22,46.6,0.14721811915312655,52.452,50.249
05/05/2025,53.69,945414.0,53.78,53.81,53.39,53.69,0.15214592274678096,52.954499999999996,50.495200000000004
06/05/2025,58.4,1343026.0,59.16,59.24,58.25,58.4,0.08772583348854535,52.975,50.82240000000001
08/05/2025,63.12,1246405.0,63.0,63.42,62.7,63.12,0.08082191780821923,53.032999999999994,51.244400000000006
09/05/2025,62.12,358012.0,62.49,62.54,61.44,62.12,-0.01584283903675543,53.039,51.6454
11/05/2025,66.27,679688.0,66.64,66.8045,66.135,66.27,0.06680618158403084,52.987,52.1258
12/05/2025,62.83,616529.0,63.23,63.25,62.249,62.83,-0.051908857703334865,52.971500000000006,52.626999999999995
13/05/2025,52.32,1297560.0,52.11,52.65,52.0,52.32,-0.16727677860894474,53.07899999999999,52.8838
14/05/2025,52.34,439419.0,52.61,52.74,52.15,52.34,0.0003822629969418845,53.1605,53.03900000000001
15/05/2025,53.86,918285.0,53.02,53.86,53.01,53.86,0.029040886511272346,53.32899999999999,53.170199999999994
16/05/2025,54.43,540629.0,54.12,54.44,54.01,54.43,0.010582992944671465,53.521,53.098200000000006
19/05/2025,54.92,639649.0,54.16,54.92,54.15,54.92,0.009002388388756222,53.768499999999996,53.014599999999994
20/05/2025,55.05,555324.0,54.91,55.195,54.525,55.05,0.00236707938820091,54.04799999999999,52.8688
21/05/2025,54.94,1224080.0,55.73,55.83,54.8,54.94,-0.001998183469573145,54.330999999999996,52.556599999999996
22/05/2025,55.04,619149.0,54.99,55.312,54.6733,55.04,0.0018201674554059188,54.57149999999999,52.2816
23/05/2025,55.28,652908.0,54.78,55.4199,54.6,55.28,0.0043604651162791885,54.8045,52.137800000000006
27/05/2025,56.91,1156864.0,56.89,57.0,56.5701,56.91,0.029486251808972463,55.1065,52.3522
28/05/2025,56.74,1000815.0,57.15,57.21,56.63,56.74,-0.002987172728870058,55.366499999999995,52.5316
29/05/2025,56.6,596060.0,56.8,56.8,56.22,56.6,-0.002467395135706707,55.604,52.6968
30/05/2025,57.04,772257.0,56.37,57.11,56.22,57.04,0.007773851590106018,56.425,52.863600000000005
01/06/2025,37.46,358981.0,37.67,37.85,37.365,37.46,-0.34326788218793824,55.967999999999996,52.643
02/06/2025,40.34,377128.0,40.24,40.3922,39.88,40.34,0.07688200747463969,55.3005,52.504799999999996
03/06/2025,46.08,723688.0,46.34,46.41,45.76,46.08,0.14229053049082774,54.6845,52.494
05/06/2025,52.69,662908.0,52.81,52.81,52.09,52.69,0.14344618055555558,54.163,52.5946
06/06/2025,58.2,690886.0,58.11,58.3598,57.8501,58.2,0.10457392294553047,53.967,52.8008
08/06/2025,63.63,927454.0,62.98,63.7234,62.77,63.63,0.09329896907216484,53.835,53.1224
10/06/2025,71.07,1172680.0,70.76,71.32,70.69,71.07,0.11692597831211682,54.247,53.5934
11/06/2025,65.13,1049729.0,66.02,66.02,64.91,65.13,-0.08357956943858169,54.8875,53.9654
13/06/2025,59.28,2756693.0,58.89,59.56,58.52,59.28,-0.08982035928143706,55.234500000000004,54.22
16/06/2025,58.83,1656494.0,59.75,59.85,58.75,58.83,-0.007591093117408909,55.483000000000004,54.583200000000005
17/06/2025,58.77,1014094.0,58.94,59.01,58.5005,58.77,-0.0010198878123405253,55.7,54.8484
18/06/2025,58.38,991322.0,58.875,59.1228,58.26,58.38,-0.0066360387953037225,55.873000000000005,55.1432
20/06/2025,58.41,1099743.0,58.64,58.69,58.03,58.41,0.0005138746145938455,56.041,55.1516
23/06/2025,58.54,1545301.0,58.28,58.81,57.84,58.54,0.0022256462934429067,56.22099999999999,55.0832
24/06/2025,57.66,1406508.0,57.9,58.09,57.14,57.66,-0.015032456440041031,56.352,54.996399999999994
25/06/2025,58.66,1442216.0,58.1,58.8,58.1,58.66,0.01734304543877907,56.521,54.82339999999999
26/06/2025,60.46,2664684.0,59.61,60.76,59.54,60.46,0.03068530514831247,56.69849999999999,54.7698
27/06/2025,59.18,1427434.0,59.84,59.84,59.11,59.18,-0.021171022163413822,56.8205,54.95
30/06/2025,60.25,1194432.0,59.8,60.32,59.57,60.25,0.018080432578573946,57.003,55.1408
01/07/2025,37.12,411503.0,37.56,37.66,37.09,37.12,-0.3839004149377594,56.007000000000005,54.873400000000004
02/07/2025,40.32,263398.0,40.54,40.6899,40.28,40.32,0.0862068965517242,56.15,54.668
03/07/2025,46.02,628585.0,45.64,46.2859,45.08,46.02,0.14136904761904767,56.434000000000005,54.589000000000006
04/07/2025,43.57,1530381.0,42.37,44.51,42.011,43.57,-0.053237722729248205,56.308499999999995,54.471199999999996
05/07/2025,53.03,727768.0,52.76,53.1325,52.55,53.03,0.2171218728482902,56.3255,54.5462
07/07/2025,59.79,1444331.0,59.51,59.94,59.2,59.79,0.12747501414293794,56.404999999999994,54.7374
08/07/2025,62.51,1249994.0,62.815,63.13,62.08,62.51,0.04549255728382673,56.349000000000004,54.975199999999994
10/07/2025,70.5,1123633.0,70.73,70.95,70.2401,70.5,0.1278195488721805,56.320499999999996,55.367799999999995
11/07/2025,65.61,1044473.0,64.79,65.7999,64.25,65.61,-0.06936170212765957,56.344500000000004,55.6492
14/07/2025,61.23,1425889.0,60.57,61.3634,60.385,61.23,-0.06675811614083227,56.44199999999999,55.836800000000004
15/07/2025,60.52,1372392.0,61.15,61.15,60.32,60.52,-0.011595623060591143,56.5265,56.23479999999999
16/07/2025,60.83,809289.0,60.37,60.86,60.12,60.83,0.005122273628552554,56.62949999999999,56.5194
17/07/2025,61.54,1112933.0,61.01,61.67,60.6,61.54,0.011671872431366026,56.7875,56.676399999999994
18/07/2025,61.91,1076117.0,62.25,62.44,61.7477,61.91,0.006012349691257635,56.9625,56.7466
21/07/2025,61.5,1344652.0,61.96,62.16,61.5,61.5,-0.0066225165562913135,57.1105,56.7142
22/07/2025,60.68,1060298.0,60.68,60.9794,60.1044,60.68,-0.013333333333333308,57.2615,56.6854
23/07/2025,62.04,974713.0,61.04,62.13,60.95,62.04,0.022412656558997934,57.430499999999995,56.6008
24/07/2025,61.68,879159.0,61.41,62.19,61.41,61.68,-0.005802707930367523,57.49150000000001,56.577799999999996
25/07/2025,61.85,678375.0,61.73,61.98,61.49,61.85,0.0027561608300907814,57.625,56.7684
28/07/2025,60.82,1158019.0,61.57,61.58,60.59,60.82,-0.016653193209377526,57.653499999999994,56.937999999999995
29/07/2025,61.38,1076743.0,61.18,61.59,61.18,61.38,0.009207497533705977,58.866499999999995,57.0884
30/07/2025,61.08,685629.0,61.26,61.48,60.8701,61.08,-0.00488758553274693,59.9045,57.221399999999996
31/07/2025,61.32,744993.0,61.51,61.67,61.1924,61.32,0.003929273084479323,60.66949999999999,57.3494
01/08/2025,37.55,1361281.0,37.37,37.55,37.09,37.55,-0.38763861709067193,60.368500000000004,56.999399999999994
04/08/2025,44.64,561476.0,46.04,46.21,44.0623,44.64,0.18881491344873513,59.949,56.7934
05/08/2025,53.89,816532.0,53.46,54.215,53.3,53.89,0.20721326164874543,59.65400000000001,56.7704
07/08/2025,59.71,894040.0,59.83,59.97,59.21,59.71,0.10799777324178894,59.513999999999996,56.858999999999995
08/08/2025,61.81,1028366.0,62.5,62.9,61.78,61.81,0.035169988276670505,59.07950000000001,56.957
09/08/2025,62.68,453444.0,62.38,62.7098,62.22,62.68,0.014075392331337921,58.93300000000001,57.0758
10/08/2025,71.51,1456634.0,71.21,71.54,70.91,71.51,0.14087428206764518,59.447,57.373999999999995
12/08/2025,63.79,546886.0,63.42,63.8,63.13,63.79,-0.1079569291008251,59.6105,57.50899999999999
13/08/2025,62.56,748710.0,62.61,62.86,62.02,62.56,-0.019282019125254735,59.697,58.010999999999996
14/08/2025,62.71,580382.0,62.78,63.2399,62.5387,62.71,0.0023976982097186905,59.755500000000005,58.458400000000005
15/08/2025,62.28,522474.0,62.38,62.38,61.755,62.28,-0.006856960612342533,59.774,58.78240000000001
18/08/2025,62.81,486740.0,62.7,62.971,62.558,62.81,0.008509955041746897,59.8395,58.98480000000001
19/08/2025,60.2,1616230.0,61.29,61.29,60.03,60.2,-0.04155389269224641,59.8155,59.0248
20/08/2025,60.38,1003725.0,59.91,60.5,59.46,60.38,0.002990033222591393,59.7325,58.9598
21/08/2025,61.1,635525.0,60.88,61.2281,60.71,61.1,0.01192447830407417,59.7035,58.7604
22/08/2025,61.85,703203.0,61.54,62.32,61.41,61.85,0.01227495908346965,59.7035,58.694799999999994
25/08/2025,61.93,504898.0,62.01,62.32,61.93,61.93,0.0012934518997573807,59.759,58.747800000000005
26/08/2025,62.68,520226.0,61.89,62.71,61.82,62.68,0.012110447279186198,59.824,58.824799999999996
27/08/2025,62.38,418538.0,62.56,62.56,62.1774,62.38,-0.004786215698787455,59.888999999999996,58.897
28/08/2025,62.54,500749.0,62.42,62.62,62.24,62.54,0.0025649246553380856,59.95000000000001,58.9802
29/08/2025,62.26,429436.0,62.55,62.85,62.15,62.26,-0.004477134633834368,61.185500000000005,59.057199999999995
04/09/2025,48.05,692374.0,44.65,48.26,44.595,48.05,-0.22823642788307097,61.35600000000001,58.8474
05/09/2025,53.38,579390.0,53.65,53.69,53.0101,53.38,0.11092611862643098,61.330499999999994,58.7618
06/09/2025,57.84,1119226.0,58.17,58.35,57.27,57.84,0.08355189209441738,61.237,58.7454
07/09/2025,60.3,966658.0,60.0,60.39,59.5511,60.3,0.042531120331950056,61.161500000000004,58.742200000000004
09/09/2025,62.44,579176.0,62.34,62.48,61.87,62.44,0.03548922056384751,61.1495,58.8074
10/09/2025,70.12,1081606.0,71.11,71.1836,70.03,70.12,0.12299807815502883,61.08,59.004799999999996
12/09/2025,64.16,652153.0,64.26,64.83,64.1101,64.16,-0.08499714774672007,61.0985,59.54559999999999
15/09/2025,66.36,666495.0,65.96,66.4,65.5609,66.36,0.03428927680798011,61.2885,60.066399999999994
16/09/2025,66.82,8561046.0,66.73,67.0588,66.22,66.82,0.006931886678722021,61.49399999999999,60.4824
17/09/2025,66.03,2281201.0,66.5,66.82,65.68,66.03,-0.011822807542651748,61.68150000000001,60.931599999999996
18/09/2025,66.51,1958558.0,65.93,66.65,65.34,66.51,0.007269422989550245,61.86650000000001,61.2012
19/09/2025,66.59,1466902.0,66.51,66.86,66.32,66.59,0.0012028266426100664,62.186,61.3372
22/09/2025,67.26,1109808.0,66.53,67.3,66.53,67.26,0.010061570806427333,62.529999999999994,61.4322
23/09/2025,67.12,2032892.0,67.11,67.58,66.71,67.12,-0.0020814748736247557,62.831,61.3646
24/09/2025,67.83,2158162.0,67.93,68.31,67.64,67.83,0.010578069129916434,63.13000000000001,61.409000000000006
25/09/2025,67.6,1169036.0,67.44,67.94,67.07,67.6,-0.0033908300162170946,63.4135,61.5364
26/09/2025,68.22,1054177.0,67.65,68.3,67.65,68.22,0.00917159763313613,63.6905,61.6904
29/09/2025,69.01,1663890.0,69.55,69.64,68.87,69.01,0.011580181764878406,64.022,61.854000000000006
30/09/2025,70.24,1542298.0,69.15,70.29,69.11,70.24,0.01782350384002296,64.407,62.028
01/10/2025,37.39,522808.0,36.61,37.555,36.61,37.39,-0.4676822323462414,63.1635,61.53759999999999
02/10/2025,40.7,199803.0,40.4,40.79,40.26,40.7,0.08852634394223058,62.79600000000001,61.1216
03/10/2025,45.42,694769.0,45.68,46.07,45.0236,45.42,0.115970515970516,62.398,60.8164
04/10/2025,47.85,855103.0,47.31,48.18,46.75,47.85,0.053500660501981434,61.8985,60.5326
06/10/2025,56.61,1553671.0,58.01,58.01,56.4,56.61,0.18307210031347965,61.714,60.43120000000001
07/10/2025,60.32,1017256.0,60.275,60.49,59.7701,60.32,0.06553612435965372,61.60799999999999,60.4006
09/10/2025,63.79,786490.0,63.0,63.82,63.0,63.79,0.05752652519893897,61.2915,60.46
10/10/2025,68.05,1534386.0,69.51,69.56,68.03,68.05,0.06678162721429692,61.486000000000004,60.5934
11/10/2025,66.89,756846.0,66.38,67.02,66.28,66.89,-0.017046289493019784,61.5125,60.7096
12/10/2025,64.52,814174.0,63.69,64.97,63.26,64.52,-0.03543130512782189,61.3975,60.773599999999995
13/10/2025,68.28,1279660.0,68.0,68.55,67.66,68.28,0.0582765034097954,61.50999999999999,61.388200000000005
14/10/2025,68.13,1125625.0,67.24,68.55,66.92,68.13,-0.002196836555360404,61.590999999999994,61.858000000000004
15/10/2025,66.67,1576286.0,68.23,68.44,65.95,66.67,-0.02142961984441505,61.595000000000006,62.1136
16/10/2025,66.26,939291.0,67.11,67.2448,66.13,66.26,-0.006149692515374228,61.545,62.2446
17/10/2025,65.05,1229144.0,65.18,65.5999,64.64,65.05,-0.01826139450648967,61.4415,62.309400000000004
20/10/2025,67.15,1141876.0,66.21,67.18,66.09,67.15,0.03228285933897013,61.40749999999999,62.3988
21/10/2025,67.41,1017594.0,67.34,67.65,67.08,67.41,0.0038719285182426955,61.398,62.3168
22/10/2025,66.77,1151492.0,67.99,68.09,66.22,66.77,-0.009494140335261858,61.3255,62.376400000000004
23/10/2025,68.16,1070308.0,67.09,68.2,67.09,68.16,0.020817732514602394,61.283,62.4884
24/10/2025,68.26,840717.0,68.51,68.59,68.02,68.26,0.0014671361502349711,61.184000000000005,62.5994
27/10/2025,68.39,890371.0,68.625,68.65,67.93,68.39,0.0019044828596541663,62.733999999999995,62.721599999999995
28/10/2025,68.14,572291.0,68.57,68.68,68.04,68.14,-0.0036555051908173652,64.10600000000001,62.828199999999995
29/10/2025,68.03,1038903.0,67.98,68.49,67.6,68.03,-0.0016143234517170812,65.2365,62.98480000000001
30/10/2025,67.7,579841.0,67.72,68.475,67.68,67.7,-0.004850801117154191,66.229,63.1312
31/10/2025,68.31,883295.0,68.08,68.48,67.7409,68.31,0.00901033973412102,66.814,63.2754
02/11/2025,40.92,182106.0,41.06,41.1486,40.7001,40.92,-0.40096618357487923,65.84400000000001,62.8568
03/11/2025,45.58,640725.0,45.84,45.9874,45.22,45.58,0.11388074291300088,64.93350000000001,62.529799999999994
04/11/2025,49.31,1094428.0,48.4,49.41,48.14,49.31,0.08183413777972803,63.99649999999999,62.2624
06/11/2025,57.25,1391269.0,57.0,57.265,56.0,57.25,0.16102210504968562,63.5145,62.1598
07/11/2025,60.33,835628.0,60.09,60.55,59.84,60.33,0.053799126637554595,63.30500000000001,62.11559999999999
08/11/2025,61.19,846428.0,61.51,61.65,61.07,61.19,0.014254931211669097,62.9505,62.0942
09/11/2025,65.34,1390346.0,64.5,65.39,64.2,65.34,0.06782153946723324,62.811,62.44
11/11/2025,66.4,628516.0,66.34,66.599,66.0607,66.4,0.016222834404652664,62.79749999999999,62.7004
12/11/2025,64.93,492187.0,64.6,65.1,64.15,64.93,-0.0221385542168675,62.730999999999995,62.842200000000005
13/11/2025,64.57,590683.0,66.02,66.3,64.36,64.57,-0.005544432465732552,62.706999999999994,62.927600000000005
14/11/2025,64.67,892568.0,63.62,64.9759,63.4,64.67,0.0015487068297972417,62.583000000000006,62.9722
17/11/2025,64.64,775300.0,65.13,65.41,64.22,64.64,-0.0004638936137312255,62.444500000000005,62.8626
18/11/2025,64.19,824501.0,64.19,64.99,63.8894,64.19,-0.006961633663366329,62.3155,62.863200000000006
19/11/2025,62.96,769584.0,63.07,63.4,62.5681,62.96,-0.01916186321856983,62.055499999999995,62.7952
20/11/2025,62.09,1058781.0,64.17,64.63,62.02,62.09,-0.013818297331639084,61.747,62.700599999999994
21/11/2025,61.36,1291876.0,61.69,61.785,60.62,61.36,-0.011757126751489877,61.395500000000006,62.607200000000006
24/11/2025,61.11,1505863.0,60.7,61.29,60.53,61.11,-0.004074315514993487,61.044000000000004,62.4992
25/11/2025,61.84,849081.0,61.19,62.0,60.76,61.84,0.01194567173948613,60.734500000000004,62.4042
26/11/2025,62.24,655149.0,62.07,62.5699,61.94,62.24,0.0064683053040104355,60.4615,62.3038
28/11/2025,62.4,504184.0,62.51,62.58,62.28,62.4,0.0025706940874035134,60.166,62.2094
02/12/2025,40.77,597954.0,40.58,41.11,40.57,40.77,-0.3466346153846154,60.158500000000004,61.6682
03/12/2025,46.13,516593.0,46.01,46.17,45.4029,46.13,0.13146921756193275,60.186,61.2388
05/12/2025,51.94,830652.0,52.5,52.5,51.36,51.94,0.12594840667678286,60.31750000000001,60.9132
06/12/2025,58.13,971942.0,57.63,58.13,57.49,58.13,0.11917597227570287,60.3615,60.69559999999999
08/12/2025,62.14,574094.0,61.47,62.14,61.19,62.14,0.06898331326337526,60.452,60.53360000000001
09/12/2025,65.54,479600.0,65.34,65.7,65.062,65.54,0.05471515931766979,60.669500000000006,61.09660000000001
11/12/2025,65.86,1039579.0,66.4,66.4,65.79,65.86,0.004882514494964907,60.6955,61.599799999999995
12/12/2025,64.72,816081.0,65.17,65.3,64.2777,64.72,-0.01730944427573644,60.6115,61.9858
15/12/2025,64.41,576919.0,64.78,64.9573,64.33,64.41,-0.004789864029666302,60.5855,62.317
16/12/2025,63.7,669000.0,63.62,63.93,63.255,63.7,-0.01102313305387348,60.54200000000001,62.458800000000004
17/12/2025,62.94,472882.0,63.63,64.0199,62.81,62.94,-0.011930926216640603,60.45550000000001,62.5112
18/12/2025,63.73,435762.0,63.47,64.18,63.39,63.73,0.012551636479186445,60.410000000000004,62.51
19/12/2025,65.08,737983.0,64.04,65.29,64.035,65.08,0.021183116271771496,60.45450000000001,62.4506
22/12/2025,66.18,663601.0,65.36,66.2168,65.36,66.18,0.016902274124155126,60.61550000000001,62.436400000000006
23/12/2025,66.59,2973605.0,66.18,66.67,66.17,66.59,0.006195225143547756,60.8405,62.47780000000001
24/12/2025,66.61,357123.0,66.54,66.7,66.3507,66.61,0.00030034539720680264,61.102999999999994,62.444399999999995
26/12/2025,65.99,395310.0,66.34,66.5,65.84,65.99,-0.009307911724966256,61.346999999999994,62.4016
29/12/2025,65.68,562280.0,65.6,65.9,65.47,65.68,-0.004697681466888759,61.539,62.381800000000005
30/12/2025,65.28,615387.0,65.75,65.75,65.25,65.28,-0.006090133982947665,61.690999999999995,62.3622
31/12/2025,64.79,317423.0,65.29,65.4031,64.77,64.79,-0.007506127450980338,61.810500000000005,62.357
04/01/2026,73.48,2167236.0,72.75,74.0499,72.73,73.48,0.13412563667232602,63.44599999999999,62.4836
05/01/2026,67.92,1364835.0,68.36,68.3695,67.8,67.92,-0.07566684812193802,64.5355,62.4938
06/01/2026,65.62,2231193.0,66.7,66.7,65.2006,65.62,-0.03386336866902229,65.21950000000001,62.4708
13/01/2026,76.38,2601306.0,77.11,77.11,76.085,76.38,0.16397439804937508,66.132,62.635200000000005
14/01/2026,76.85,2179961.0,75.97,76.87,75.27,76.85,0.0061534433097669705,66.86749999999999,62.806999999999995
15/01/2026,77.35,2200278.0,76.905,77.52,76.25,77.35,0.006506180871828304,67.458,62.9862
16/01/2026,77.91,2528100.0,77.69,78.089,77.15,77.91,0.007239819004524861,68.06049999999999,63.181599999999996
20/01/2026,77.01,3151862.0,77.64,78.4929,76.83,77.01,-0.011551790527531636,68.675,63.3612
21/01/2026,76.87,3690477.0,76.7,77.3199,75.7775,76.87,-0.0018179457213348682,69.298,63.5446
22/01/2026,76.28,2295980.0,76.93,76.93,75.515,76.28,-0.007675295954208461,69.92699999999999,63.70400000000001
23/01/2026,76.92,2612078.0,76.66,77.145,76.32,76.92,0.008390141583639155,70.626,64.424
26/01/2026,76.18,2311365.0,76.71,76.74,75.84,76.18,-0.009620384815392513,71.2485,65.036
27/01/2026,77.87,3808506.0,76.44,77.935,76.18,77.87,0.022184300341296925,71.888,65.6072
28/01/2026,77.22,2193324.0,77.49,77.5,76.45,77.22,-0.008347245409015103,72.44,66.0066
29/01/2026,76.44,1967587.0,77.4,78.05,75.73,76.44,-0.010101010101010166,72.9325,66.3288
30/01/2026,75.24,1514581.0,75.84,76.48,74.54,75.24,-0.015698587127158548,73.364,66.6098
01/02/2026,66.43,911462.0,65.58,66.47,65.075,66.43,-0.11709197235513014,73.386,66.63159999999999
02/02/2026,74.44,1794972.0,74.64,74.84,73.98,74.44,0.12057805208490135,73.824,66.7924
03/02/2026,77.08,4644171.0,76.93,77.89,76.3,77.08,0.03546480386888762,74.414,67.0354
04/02/2026,73.96,1492200.0,72.54,74.46,72.27,73.96,-0.04047742605085636,74.8725,67.22319999999999
06/02/2026,64.86,2897495.0,64.9,65.08,64.49,64.86,-0.12303948080043259,74.4415,67.227
13/02/2026,72.21,1146165.0,71.32,72.6699,71.32,72.21,0.11332099907493043,74.65599999999999,67.3784
17/02/2026,72.34,1188068.0,72.0,72.87,71.43,72.34,0.0018003046669436973,74.99199999999999,67.54140000000001
18/02/2026,74.19,1674623.0,73.24,74.6,73.23,74.19,0.025573679845175556,74.88250000000001,67.76599999999999
19/02/2026,75.72,1461917.0,74.34,75.75,74.0,75.72,0.020622725434694678,74.826,68.0386
20/02/2026,75.46,1303745.0,75.94,76.3895,75.0777,75.46,-0.0034337031167459564,74.7315,68.3206
23/02/2026,74.34,1210673.0,74.72,74.75,74.0,74.34,-0.014842300556586197,74.55300000000001,68.5852
24/02/2026,74.89,1199991.0,74.3,74.9837,73.55,74.89,0.0073984396018293985,74.447,68.8462
25/02/2026,73.92,2074786.0,74.79,74.79,72.94,73.92,-0.012952330084123331,74.2995,69.0798
26/02/2026,74.34,1325971.0,73.66,74.46,73.1661,74.34,0.005681818181818121,74.2025,69.3186
27/02/2026,74.86,1029233.0,73.85,75.061,73.85,74.86,0.006994888350820405,74.0995,70.0004
02/03/2026,76.3,1785454.0,75.77,76.34,75.07,76.3,0.019235907026449395,74.10549999999999,70.6038
03/03/2026,76.79,3232484.0,77.07,77.4058,75.1049,76.79,0.006422018348623881,74.0515,71.10079999999999
06/03/2026,63.31,1347539.0,64.18,64.18,63.27,63.31,-0.17554369058471164,73.356,71.2044
13/03/2026,75.61,2743088.0,76.36,77.01,75.14,75.61,0.1942821039330278,73.3145,71.4738
16/03/2026,76.66,2051153.0,76.28,76.97,75.92,76.66,0.013887051977251597,73.3855,71.6962
17/03/2026,76.93,2059408.0,76.58,76.99,76.22,76.93,0.003522045395251805,73.9105,71.91760000000001
18/03/2026,76.06,1580143.0,76.76,77.195,76.01,76.06,-0.011308982191602812,73.9915,72.14439999999999
19/03/2026,75.88,2384557.0,75.13,76.25,74.3,75.88,-0.002366552721535742,73.9315,72.3738
20/03/2026,73.14,1893265.0,75.06,75.165,72.5701,73.14,-0.03610964681075379,73.8905,72.56259999999999
23/03/2026,73.06,2921654.0,73.42,74.2993,72.9701,73.06,-0.0010937927262782976,74.3005,72.765
24/03/2026,72.19,1698759.0,72.01,72.54,71.5,72.19,-0.01190802080481801,74.29950000000001,72.9342
25/03/2026,73.53,1394923.0,73.32,73.78,73.0,73.53,0.018562127718520616,74.35900000000001,73.1032
26/03/2026,71.6,1302942.0,72.61,72.965,71.44,71.6,-0.02624779001767996,74.2295,73.2116
27/03/2026,69.87,1671302.0,70.83,71.07,69.73,69.87,-0.024162011173184172,73.93699999999998,73.2772
30/03/2026,68.3,1939187.0,70.26,70.33,67.965,68.3,-0.022470301989409025,73.57900000000001,73.311
31/03/2026,70.84,2031957.0,69.35,71.06,69.1324,70.84,0.037188872620790736,73.404,73.408
02/04/2026,72.69,2258929.0,76.42,76.42,71.95,72.69,0.026115189158667285,73.29400000000001,73.54820000000001
03/04/2026,77.31,2432142.0,76.8,77.53,75.89,77.31,0.06355757325629385,73.4635,73.7888
05/04/2026,68.08,1619686.0,68.13,69.03,67.9809,68.08,-0.11938947096106589,73.1505,73.8546
06/04/2026,64.31,1520853.0,63.71,64.39,63.6,64.31,-0.05537602820211507,72.623,73.6712
13/04/2026,74.52,1768013.0,73.02,74.56,73.02,74.52,0.15876224537396966,72.534,73.8032
14/04/2026,74.33,1505544.0,74.255,74.76,74.01,74.33,-0.0025496511003757494,72.411,73.9774
15/04/2026,74.59,1378945.0,74.405,74.69,74.06,74.59,0.003497914704695404,72.975,73.9416
16/04/2026,73.74,1375237.0,74.59,74.83,73.33,73.74,-0.011395629440943966,72.88149999999999,73.87939999999999
17/04/2026,73.35,1861217.0,74.24,74.805,73.275,73.35,-0.00528885272579338,72.71600000000001,73.79939999999999
20/04/2026,73.35,,73.35,73.35,73.35,73.35,0.0,72.537,73.7082
21/04/2026,70.49,2999904.0,72.1,72.2,70.3403,70.49,-0.038991138377641454,72.2585,73.5778
22/04/2026,70.29,1915207.0,71.17,71.38,69.9501,70.29,-0.002837281883955045,71.979,73.4462
23/04/2026,68.83,1945570.0,69.59,69.75,68.01,68.83,-0.020771091193626523,71.7635,73.29719999999999
24/04/2026,67.57,2904164.0,68.34,68.52,67.19,67.57,-0.018305971233473883,71.489,73.11019999999999
27/04/2026,67.48,1322821.0,67.425,68.3,67.3276,67.48,-0.0013319520497260262,71.2535,72.9362
28/04/2026,67.11,1981930.0,67.065,67.18,66.48,67.11,-0.005483106105512836,70.93249999999999,72.721
29/04/2026,66.59,1759588.0,67.61,67.68,66.38,66.59,-0.007748472656831984,70.68199999999999,72.5084
30/04/2026,68.21,1684137.0,67.06,68.28,67.05,68.21,0.024327977173749682,70.599,72.3438
01/05/2026,69.93,3162929.0,68.35,69.95,68.35,69.93,0.025216243952499884,70.6805,72.2376
02/05/2026,70.97,1348935.0,71.29,72.63,70.8,70.97,0.014872014872014727,70.687,72.3284
03/05/2026,75.0,2234318.0,76.68,76.7999,73.68,75.0,0.05678455685500916,70.8025,72.3396
05/05/2026,67.53,1665868.0,68.76,68.7899,67.33,67.53,-0.09960000000000002,70.3135,72.1486
13/05/2026,63.79,1944020.0,63.79,63.975,62.925,63.79,-0.05538279283281511,70.099,71.9452
14/05/2026,64.1,1439251.0,63.82,64.39,63.8,64.1,0.004859695877096559,70.0885,71.93
15/05/2026,62.34,1345384.0,63.27,63.36,62.21,62.34,-0.02745709828393117,69.4795,71.7326
18/05/2026,63.65,1631459.0,62.91,63.685,62.815,63.65,0.021013795316009,68.94550000000001,71.55879999999999
19/05/2026,64.02,4885433.0,64.17,64.55,63.625,64.02,0.005813040062843555,68.417,71.3554
20/05/2026,64.6,1876103.0,64.23,64.64,63.74,64.6,0.009059668853483194,67.96000000000001,71.133
21/05/2026,64.37,1729645.0,64.39,64.67,63.89,64.37,-0.003560371517027705,67.511,70.9112
22/05/2026,65.15,1388662.0,65.01,65.3171,64.7,65.15,0.012117446015224465,67.101,70.7274
26/05/2026,66.13,1966469.0,66.0,66.37,65.62,66.13,0.015042210283960022,66.88300000000001,70.5522
27/05/2026,65.53,1357604.0,65.99,66.0,65.3,65.53,-0.00907303795554204,66.64500000000001,70.3844
28/05/2026,67.92,4877430.0,66.31,68.1,66.25,67.92,0.03647184495650846,66.5995,70.256
29/05/2026,67.53,2125797.0,67.69,67.69,66.92,67.53,-0.005742049469964705,66.5975,70.1094
01/06/2026,71.13,1482296.0,70.37,71.15,70.3,71.13,0.053309640159928895,66.78,70.006
02/06/2026,72.86,1155239.0,71.49,72.98,71.49,72.86,0.024321664557851896,67.0675,69.92739999999999
03/06/2026,77.24,3274506.0,75.465,77.9705,75.3203,77.24,0.060115289596486265,67.6,70.20599999999999
04/06/2026,74.78,1439158.0,74.06,74.8899,74.05,74.78,-0.03184878301398231,67.92850000000001,70.18939999999999
05/06/2026,67.96,1667291.0,67.38,68.1595,66.8084,67.96,-0.09120085584380855,67.83,70.0154
01/07/2026,70.97,2931928.0,71.97,72.859,70.86,70.97,0.04429075927015891,67.83,69.8962
04/07/2026,73.92,1514568.0,74.0,74.18,73.04,73.92,0.041566859236296994,67.776,69.85340000000001
05/07/2026,65.91,3554367.0,66.95,67.0,65.47,65.91,-0.10836038961038963,67.69500000000001,69.654
01/08/2026,72.97,3834031.0,73.61,74.74,72.53,72.97,0.1071157639204976,68.154,69.6506
04/08/2026,74.96,1885823.0,74.78,75.27,74.5,74.96,0.027271481430724887,68.69699999999999,69.68860000000001
05/08/2026,65.25,1977371.0,65.58,65.64,64.91,65.25,-0.12953575240128057,68.8425,69.5498
01/09/2026,75.14,3003678.0,73.59,75.41,73.59,75.14,0.15157088122605367,69.417,69.582
02/09/2026,74.37,1283942.0,73.59,74.709,73.41,74.37,-0.010247537929198747,69.93449999999999,69.6374
03/09/2026,78.02,3080547.0,77.615,78.448,76.4745,78.02,0.049078929675944405,70.60549999999999,69.8004
04/09/2026,74.25,1204793.0,74.54,74.9329,74.13,74.25,-0.048320943347859524,71.09949999999999,69.9194
02/10/2026,72.92,1433084.0,74.06,74.0899,72.83,72.92,-0.01791245791245788,71.488,69.961
03/10/2026,76.86,2022099.0,77.54,77.73,76.54,76.86,0.05403181568842563,72.02449999999999,70.0444
04/10/2026,72.7,1727125.0,73.34,73.34,72.1,72.7,-0.05412438199323444,72.383,69.95219999999999
02/11/2026,71.39,1438323.0,73.04,73.04,70.94,71.39,-0.01801925722145803,72.5565,70.0184
03/11/2026,75.64,4579514.0,75.42,76.14,75.03,75.64,0.05953214735957424,72.96199999999999,70.245
05/11/2026,64.75,2862127.0,64.34,64.935,64.0703,64.75,-0.14397144368059234,72.643,70.0496
01/12/2026,76.35,3090224.0,75.78,76.566,75.705,76.35,0.17915057915057897,72.81750000000001,70.09
02/12/2026,71.07,1201125.0,71.9,72.335,70.725,71.07,-0.06915520628683691,72.509,70.0196
03/12/2026,76.0,7237644.0,76.22,76.72,75.44,76.0,0.06936822850710578,72.57,70.0648
05/12/2026,64.64,1291164.0,64.24,64.73,63.87,64.64,-0.14947368421052631,72.40400000000001,69.8906
